suffix,prev,word,next,sentence
さ,っこ,良さ,をわ,自分のかっこ良さをわざと隠すということ？
さ,,長さ,んの,社長さんの車種と色は？
さ,手が,寒さ,で震,手が寒さで震えたは、少しオーバーですみません。
さ,する,楽しさ,さ。,良い所：様々なコンボで自由に敵を料理する楽しさ。
み,理に,深み,を与,味も濃厚で、炒め物、スープなど中華料理に深みを与えます。
み,えに,深み,がで,道具としての実需がないから品揃えに深みがでない。
さ,)、,高さ,5ｍ,直径23m(下段)及び18m(上段)、高さ5ｍの二段式の円墳である。
み,ぐに,痛み,など,薬を飲み始めると、すぐに痛みなどの症状はとれてきますが、すぐに潰瘍がなおるわけではありません。
み,痔が,痛み,ます,最近、以前からある痔が痛みます。
さ,クの,高さ,も産,訴訟リスクの高さも産科医にのしかかる。
さ,面の,高さ,を調,調節レバーを上に上げると座面の高さを調節できます。
さ,プや,狭さ,く）,車の速度を落とす装置（ハンプや狭さく）について、意見があったら書いてください。
さ,識の,無さ,やう,ネット上のマナーやら常識の無さやうんちゃらかんちゃらにうんざりしっぱなしです。
み,腰の,痛み,から,腰の痛みから足が鉛のように重く引きずるように歩いていました。
さ,最も,寒さ,が厳,大寒：１年で最も寒さが厳しくなる日ですが、春がもうすぐ間近に迫っているとも言えます。
さ,りの,長さ,。,赤道における経度1度当たりの長さ。
み,,楽しみ,みい,お楽しみいただけましたら、ポチっと１票お願いいたします！
み,れて,凹み,気味,お友達ブロガーさんがブログ閉鎖を決心されて凹み気味です。
さ,の有,難さ,を実,動けるようになると健康の有難さを実感しますよね。
み,うに,痛み,ます,ここが差し込むように痛みます。
み,うに,痛み,ます,ここが締めつけられるように痛みます。
さ,い物,憂さ,に、,そして、どうすることも出来ない物憂さに、ふっとため息をつく。
さ,ない,物憂さ,さに,そして、どうすることも出来ない物憂さに、ふっとため息をつく。
さ,のは,優しさ,さで,だが、組み手で手を出さないのは優しさではない！！
さ,とか,無さ,そう,「宝くじでも買う？」「俺、ギャンブル運とか無さそうだしなぁ」
さ,いう,細さ,の繊,マイクロファイバークロスは、髪の毛の１００分の１という細さの繊維で編みあげられたクロスです。
み,芋の,臭み,を最,最新のバイオ技術によって、芋の臭みを最小限に抑え、非常に飲みやすい「芋焼酎」です。
み,をお,楽しみ,みく,落ち着いた雰囲気のサロンでゆったりとした時間をお楽しみください。
さ,道も,無さ,そう,蜘蛛の巣とか一杯だったけど、他に道も無さそうだったので意を決して入っていきました。
さ,きな,明るさ,さを,照明はツマミ一つで光量を変えられるようになっていて好きな明るさを演出出来るようになっている。
さ,理の,粗さ,を気,少し気になる…まで含めると７０％を越える方が毛穴や肌理の粗さを気にしています。
さ,は、,高さ,１メ,行く手を阻んだものは、高さ１メートル足らずの石壁でした。
さ,具で,寒さ,対策,乾燥した空気のせいで痛んだノドや鼻の粘膜は、風邪のウイルスが入り込みやすくなってしまいます。暖房器具で寒さ対策、加湿器で乾燥対策をしっかり行なうことが肝要です。
み,輩の,親しみ,みを,一子ちゃんは同じ穴のムジナか、同輩の親しみを込めた笑みを俺に向ける。
み,と、,面白み,みが,まあ、それは渡っていけば分かることだ。あまり最初からネタバレしていると、面白みが無いからな。
み,、面,白み,が無,まあ、それは渡っていけば分かることだ。あまり最初からネタバレしていると、面白みが無いからな。
さ,ンの,大きさ,さの,その運河は１５０、０００重量トンの大きさの船を収容できる。
さ,この,暑さ,に１,この暑さに１０マイルもてくてく歩くのはたまらない。
み,事の,面白み,みは,この仕事の面白みは、常に技術が進化しているので、刺激を受け続けられることですね。
み,の面,白み,は、,この仕事の面白みは、常に技術が進化しているので、刺激を受け続けられることですね。
さ,力の,弱さ,は人,この校閲力の弱さは人手が足らないとしか考えられませんね。
さ,で懐,柔さ,れる,い、いっつも食べ物で懐柔されるとは、限りませんからねっ。
さ,癖の,悪さ,には,あの女性の男癖の悪さにはあきれて物が言えない。
さ,体の,大きさ,さは,４月に孵化した雛も５ヶ月になった。身体の大きさは親鳥とほぼ同じ、オス鳥のとさかが少し小さいぐらいか。
さ,い、,大きさ,さ比,「や、それほどでも。せいぜい、大きさ比べたり、わい談するくらいだし」「大きさって何の？」「ナニの」
さ,は尊,重さ,れな,論じるまでもなく基本的人権は尊重されなければならない。
さ,いた,わりなさ,なさ,老人をいたわりなさい。
み,とを,楽しみ,みに,老いも若きも、また男女を問わず、地元の浴場で一緒になることを楽しみにしていた。
み,か、,楽しみ,みで,労働はただ単に必要なものであるばかりか、楽しみでもある。
み,恋は,悲しみ,みに,恋は悲しみに満ちた病であり、あらゆる治療をも薬をも受け付けない。
み,は「,悲しみ,み」,例えば、「喜び」の反対語は「悲しみ」です。
さ,,良さ,そう,良さそうにみえる馬でも時には弱ることもある。
み,その,悲しみ,みや,両親の喜びは外に現れない。その悲しみや不安もまたしかり。
み,事も,楽しみ,みに,立派な目的があれば、つらい仕事も楽しみになる。
さ,前の,静けさ,さだ,嵐の前の静けさだった。
さ,嵐の,激しさ,さに,嵐の激しさに子供たちは恐れおののいた。
さ,卵は,大きさ,さと,卵は大きさと重さによって選別された。
さ,さと,重さ,によ,卵は大きさと重さによって選別された。
み,のを,楽しみ,みに,来週お会いするのを楽しみにしています。
さ,欲の,深さ,が彼,欲の深さが彼を没落させた。
さ,汗と,苦しさ,さか,踊り子の優雅さは懸命な練習、汗と苦しさから生まれるのです。
さ,用心,深さ,は勇,用心深さは勇気の大半である。
さ,,心深さ,さは,用心深さは勇気の大半である。
さ,横と,深さ,をか,容積を計算するためには縦と横と深さをかければよい。
み,とが,楽しみ,みで,野球をすることが楽しみです。
さ,夜の,静けさ,さの,夜の静けさの中にいると、平和で安らいだ気持ちになる。
さ,夜の,静けさ,さが,夜の静けさが私たちを慰めてくれる。
さ,みの,重さ,でた,木は果実のみの重さでたわんだ。
さ,烈な,暑さ,だ。,猛烈な暑さだ。
み,一の,楽しみ,みで,模型飛行機を作ることが彼の唯一の楽しみです。
さ,夏の,暑さ,を我,名古屋の夏の暑さを我慢できますか。
さ,ドの,重さ,だっ,娘は生れた時８ポンドの重さだった。
さ,味な,静けさ,さが,無気味な静けさが彼らの心胆を寒からしめた。
み,何の,痛み,も感,妙な話だが、私は何の痛みも感じなかった。
み,のを,楽しみ,みに,毎年春になると、庭に出るのを楽しみにしている。
さ,には,若さ,と夢,妹には若さと夢があります。
み,のを,楽しみ,みに,僕は動物園へ行くのを楽しみに待っているんだ。
み,日を,楽しみ,みに,僕は五年ぶりで彼に会える日を楽しみに待っていた。
さ,背の,高さ,だ。,僕はトムと同じくらいの背の高さだ。
み,のを,楽しみ,みに,僕はこの夏休みに数人の友達と、伊豆半島を歩いて一周するのを楽しみにしています。
さ,には,寒さ,がひ,僕には寒さがひどくこたえる。
さ,,忙しさ,さに,忙しさに紛れて、ごぶさたしておりました。
み,トを,楽しみ,みに,報告書に関するコメントを楽しみにしています。
さ,儀の,悪さ,にき,母親は息子の行儀の悪さにきまりの悪い思いをした。
さ,りの,厳しさ,さに,母親の怒りの厳しさにびっくりした。
み,派に,悲しみ,みに,母は立派に悲しみに耐えてきた。
さ,理勉,強さ,せた,母は私に無理矢理勉強させた。
さ,夏の,暑さ,が嫌,母は夏の暑さが嫌いです。
さ,体の,重さ,を支,壁が屋根全体の重さを支えていた。
さ,国の,貧しさ,さと,米国の豊かさは発展途上国の貧しさと比較対照される。
さ,均的,長さ,は７,平均的長さは７時間４５分で、人間の多くが必要とする時間と大して変わらない。
さ,けの,明るさ,さだ,物を読めるだけの明るさだ。
み,折の,痛み,はほ,複雑骨折の痛みはほとんど耐え難かった。
さ,,でかさ,さが,風でかさが彼女の手から吹き飛んだ。
さ,使い,古さ,れて,部屋の中の家具はすべて使い古されていた。
さ,屋の,大きさ,さは,部屋の大きさは、これで十分ですか。
み,者は,痛み,でも,負傷者は痛みでもだえ苦しんだ。
み,負け,惜しみ,み。,負け惜しみ。
み,彼は,深み,がな,父親に比べると彼は深みがない。
み,彼は,深み,がな,父親と比べると彼は深みがない。
み,彼は,深み,がな,父親と比べてみると彼は深みがない。
さ,夏の,暑さ,が嫌,父は、夏の暑さが嫌いです。
み,彼は,悲しみ,みに,父が死んで彼は悲しみにしずんだ。
さ,倍の,高さ,です,富士山は六甲山のおよそ四倍の高さです。
さ,ルの,高さ,があ,富士山は３７７６メートルの高さがある。
さ,山の,高さ,はど,富士山の高さはどのくらいですか。
み,女は,悲しみ,みに,夫が死んで彼女は悲しみに沈んだ。
さ,,貧しさ,さの,貧しさのため彼は研究を続けることが出来なかった。
さ,,貧しさ,さの,貧しさのせいで病気になることがしばしばある。
さ,チの,厚さ,だ。,氷は２インチの厚さだ。
さ,湖の,深さ,はど,琵琶湖の深さはどうですか。
さ,,難さ,れる,非難されるべきは君だ。
さ,,難さ,れな,非難されなくてはいけないのは彼だ。
み,,悲しみ,みを,悲しみを忘れなさい。
み,,悲しみ,みの,悲しみの海歓びの波は。
み,,悲しみ,みの,悲しみのあまり彼女は気が狂った。
み,,悲しみ,みの,悲しみのあまり彼女の髪は白くなった。
み,,悲しみ,みの,悲しみのあまり気が動転していた。
み,,悲しみ,みに,悲しみに暮れるその女性は友人たちに慰められた。
み,,悲しみ,みで,悲しみで胸がいっぱいだ。
み,,悲しみ,みが,悲しみが彼の心を満たした。
み,,悲しみ,みが,悲しみが彼の胸に貫いた。
さ,女の,美しさ,さに,彼女らの妬みは彼女の美しさに向けられた。
み,らの,妬み,は彼,彼女らの妬みは彼女の美しさに向けられた。
み,ずに,悲しみ,みに,彼女は涙ひとつこぼさずに悲しみに耐えた。
み,深い,悲しみ,みに,彼女は父の急死を聞いて深い悲しみに満たされた。
さ,女は,美しさ,さを,彼女は美しさを鼻にかけている。
さ,女は,美しさ,さを,彼女は美しさを備えています。
さ,女は,美しさ,さと,彼女は美しさという点では姉はしのいでいる。
さ,は非,難さ,れる,彼女は非難されるようなことをしたのを許してほしいと言った。
み,女は,悲しみ,みを,彼女は悲しみを胸に秘めていた。
み,女は,悲しみ,みを,彼女は悲しみを隠して晩年を送った。
み,女は,悲しみ,みに,彼女は悲しみに暮れた。
さ,女は,悲しさ,さの,彼女は悲しさのあまり涙も出なかった。
さ,女は,悲しさ,さが,彼女は悲しさがあまりにも痛切で涙も出なかった。
さ,彼の,図々しさ,しさ,彼女は彼の図々しさに悩まされていた。
み,彼に,親しみ,みを,彼女は彼に親しみを込めた手紙を書き、彼の援助に感謝した。
み,のを,楽しみ,みに,彼女は彼に再会するのを楽しみに待っている。
み,のを,楽しみ,みに,彼女は彼に再会するのを楽しみにしていた。
み,書に,楽しみ,みを,彼女は読書に楽しみを見いだした。
み,のを,楽しみ,みに,彼女は東北地方に行くのを楽しみにしています。
さ,女は,恥ずかしさ,かし,彼女は恥ずかしさで顔を赤らめた。
さ,女は,大きさ,さが,彼女は大きさが似合わない男性用シャツを着ていた。
み,いに,楽しみ,みに,彼女は息子の将来を大いに楽しみにしている。
み,いて,悲しみ,みの,彼女は息子の事故の知らせを聞いて悲しみのため気も狂わんばかりだった。
さ,性と,美しさ,さに,彼女は生まれながらに知性と美しさに恵まれていた。
み,いは,悲しみ,みを,彼女は笑いは悲しみを隠すうそだった。
さ,女は,暑さ,には,彼女は暑さには弱いんです。
み,りん,ごつみ,みを,彼女は取り入れやりんごつみをみました。
さ,女は,若さ,を十,彼女は若さを十分保っている。
さ,女は,若さ,を十,彼女は若さを十分に持っている。
さ,女は,若さ,と熱,彼女は若さと熱心さのおかげで仕事を得た。
さ,分の,美しさ,さ自,彼女は自分の美しさ自慢する。
さ,分の,美しさ,さを,彼女は自分の美しさを自慢している。
さ,分の,美しさ,さに,彼女は自分の美しさに気づいていない。
さ,分の,美しさ,さが,彼女は自分の美しさが見えていない。
み,ーを,楽しみ,みに,彼女は自分の誕生パーティーを楽しみにしている。
み,分の,苦しみ,みを,彼女は自分の苦しみを誇張して話した。
さ,調が,良さ,そう,彼女は私がこの前会った時より今日の方が体調が良さそうだ。
み,せに,悲しみ,みで,彼女は姉が死んだという知らせに悲しみで胸がいっぱいだった。
さ,子が,良さ,そう,彼女は今日は調子が良さそうだ。
さ,背の,高さ,だ。,彼女は君と同じ背の高さだ。
さ,背の,高さ,だ。,彼女は君とほとんど同じぐらいの背の高さだ。
み,女は,痛み,に苦,彼女は痛みに苦しんでいた。
み,女は,苦しみ,みの,彼女は苦しみのあまり叫び声をあげた。
さ,女は,恐ろしさ,しさ,彼女は恐ろしさのあまり彼に抱きついた。
さ,女は,恐ろしさ,しさ,彼女は恐ろしさで震えていた。
さ,女は,甘さ,加減,彼女は甘さ加減がよいかどうかケーキの味見をした。
さ,女は,寒さ,に震,彼女は寒さに震えた。
さ,女は,寒さ,で震,彼女は寒さで震えていた。
み,ない,楽しみ,みを,彼女は音楽に尽きない楽しみを見出している。
み,何の,楽しみ,みも,彼女は飲食には何の楽しみもなかった。
み,腹に,痛み,を感,彼女はわき腹に痛みを感じた。
み,よく,悲しみ,みに,彼女はよく悲しみに耐えた。
み,のを,楽しみ,みに,彼女はホラー映画を見るのを楽しみにしている。
み,分の,悲しみ,みを,彼女はパーティーで自分の悲しみを見せないようにした。
さ,まで,寒さ,に気,彼女はドアを開けるまで寒さに気付いてなかった。
み,その,痛み,を立,彼女はその痛みを立派に耐えた。
さ,和と,静けさ,さを,彼女はその町の平和と静けさを愛している。
み,の後,痛み,がな,彼女はその後痛みがなくなる事はなかった。
さ,礼儀,正しさ,さも,彼女はごめんなさいというだけの礼儀正しさも持っていなかった。
さ,を非,難さ,れた,彼女はうそをついたことを非難された。
さ,情と,優しさ,さを,彼女は、心に愛情と優しさを込めてお祈りをした。
み,親の,悲しみ,みは,彼女の両親の悲しみは大きかった。
さ,女の,優しさ,さは,彼女の優しさは私にとって良い手本だ。
さ,目の,青さ,が浅,彼女の目の青さが浅黒い肌に浮き出て見える。
さ,その,美しさ,さだ,彼女の魅力はその美しさだけにあるのではない。
さ,女の,美しさ,さは,彼女の美しさは彼をすっかり虜にした。
さ,女の,美しさ,さは,彼女の美しさは姉に優るとも劣らなかった。
さ,女の,美しさ,さは,彼女の美しさは言葉では表現できないほどだった。
さ,女の,美しさ,さは,彼女の美しさは言葉では言い表せないほどだった。
さ,女の,美しさ,さは,彼女の美しさはたとえようもない。
さ,女の,美しさ,さは,彼女の美しさはクラスの中でも目立って見えた。
さ,女の,美しさ,さに,彼女の美しさに魅了されずにいることは不可能だ。
さ,女の,美しさ,さに,彼女の美しさに魅せられて彼は彼女と結婚した。
さ,女の,美しさ,さに,彼女の美しさに太刀打ちできるものはない。
さ,女の,美しさ,さに,彼女の美しさに関しては、疑う余地がない。
さ,女の,美しさ,さが,彼女の美しさが分かるには、彼女を見さえすればよい。
さ,女の,美しさ,さが,彼女の美しさが彼をとりこにしてしまった。
さ,女の,美しさ,さが,彼女の美しさが彼の注意を引いた。
み,女の,悲しみ,みは,彼女の悲しみは無言でこぼす涙になって表れた。
み,女の,悲しみ,みは,彼女の悲しみは見せかけにすぎなかった。
み,女の,悲しみ,みの,彼女の悲しみの原因は彼だった。
み,女の,悲しみ,みに,彼女の悲しみに気づかなかった。
さ,女の,悲しさ,さは,彼女の悲しさはあまりに適切で涙も出なかった。
さ,元の,長さ,まで,彼女の髪は元の長さまで伸びた。
み,で、,面白み,みに,彼女の答えは、優等生的で、面白みに欠けていた。
み,、面,白み,に欠,彼女の答えは、優等生的で、面白みに欠けていた。
み,えて,悲しみ,みに,彼女の怒りが消えて悲しみに変わった。
み,深い,悲しみ,みは,彼女の深い悲しみは涙になって表れた。
さ,顔の,明るさ,さが,彼女の笑顔の明るさがいつも私の気分をよくしてくれる。
さ,手は,寒さ,でひ,彼女の手は寒さでひび割れしている。
み,女の,弱み,に付,彼女の弱みに付け込んで。
み,深い,悲しみ,みを,彼女の死は国民に深い悲しみをもたらした。
さ,儀の,悪さ,を気,彼女の行儀の悪さを気にしたことは無い。
さ,儀の,悪さ,はど,彼女の行儀の悪さはどうしてもがまんできない。
み,顔は,悲しみ,みを,彼女の顔は悲しみをはっきりと表していた。
さ,顔は,誇らしさ,しさ,彼女の顔は誇らしさで赤く上気していた。
み,女の,楽しみ,みは,彼女の楽しみは子どもを教えることにある。
さ,うな,美しさ,さは,彼女のような美しさはまれだ。
さ,ほは,恥ずかしさ,かし,彼女のほほは恥ずかしさで火照った。
さ,しい,美しさ,さを,彼女はすばらしい美しさを持った女性です。
み,のを,楽しみ,みに,彼女とその映画を見るのを楽しみにしています。
さ,たの,美しさ,さが,彼女たちはあなたの美しさがうらやましいと思っています。
み,で、,楽しみ,みが,彼女が来なかったので、楽しみがなくなってしまった。
み,死の,悲しみ,みか,彼女が父親の死の悲しみから立ち直るには長い時間がかかるだろう。
さ,率の,低さ,は医,彼らは幼児の死亡率の低さは医学の進歩のゆえと考えた。
さ,らは,貧しさ,さに,彼らは貧しさに負けなかった。
さ,猛勉,強さ,せら,彼らは先生に猛勉強させられているところだ。
さ,ごを,大きさ,さで,彼らはりんごを大きさで特級別にした。
さ,遠の,若さ,を捜,彼らはずっと永遠の若さを捜し求めている。
み,暇を,楽しみ,みま,彼らはスコットランドで休暇を楽しみましたか。
み,族が,憎み,合っ,彼らはお互いの家族が憎み合っているとわかった。
さ,トの,高さ,の壁,彼らは６フィートの高さの壁を越えなければならなかった。
さ,儀の,悪さ,に全,彼らの行儀の悪さに全く驚いた。
さ,倍の,広さ,があ,彼らの居間は我が家の２倍の広さがある。
さ,チの,厚さ,だっ,彼らが彼に読んでほしいと頼んだマニュアルは２インチの厚さだった。
み,いう,強み,があ,彼は立派な教育を受けたという強みがある。
さ,で非,難さ,れな,彼は約束を破ったことで非難されなければならない。
み,彼は,面白み,みの,彼は面白みのない人だ。
み,は面,白み,のな,彼は面白みのない人だ。
さ,から,はずさ,され,彼は麻薬の使用でチームからはずされた。
さ,彼は,貧しさ,さを,彼は貧しさを私の眼につかないようにした。
み,みで,悲しみ,みを,彼は微笑みで悲しみを隠した。
み,笑で,悲しみ,みを,彼は微笑で悲しみを隠した。
さ,は非,難さ,れて,彼は非難されても堂々としていた。
み,彼は,悲しみ,みに,彼は悲しみにうちひしがれている。
み,彼は,悲しみ,みで,彼は悲しみで気も狂わんばかりだった。
さ,女の,美しさ,さに,彼は彼女の美しさに心を奪われている。
さ,情の,強さ,に圧,彼は彼女の愛情の強さに圧倒された。
さ,背の,高さ,だ。,彼は彼女と同じくらいの背の高さだ。
さ,気の,無さ,に激,彼は彼らのやる気の無さに激怒した。
さ,背の,高さ,であ,彼は彼のお父さんと同じぐらいの背の高さである。
さ,背の,高さ,があ,彼は彼のおとうさんと同じくらいの背の高さがある。
さ,と非,難さ,れた,彼は卑怯者だと非難された。
さ,罪の,大きさ,さを,彼は犯した罪の大きさを悟った。
み,中に,痛み,を感,彼は背中に痛みを感じた。
さ,彼は,熱さ,にが,彼は熱さにがまんできなかった。
さ,識の,深さ,には,彼は日本の歴史に非常に興味を持っており、その知識の深さには驚くばかりである。
さ,んで,重さ,を量,彼は肉を切り刻んで重さを量った。
み,胸の,痛み,に襲,彼は突然胸の痛みに襲われた。
み,くの,楽しみ,みを,彼は読書から多くの楽しみを得た。
さ,彼は,痛さ,でわ,彼は痛さでわめいた。
さ,彼は,恥ずかしさ,かし,彼は恥ずかしさのあまり首を垂れた。
さ,彼は,恥ずかしさ,かし,彼は恥ずかしさに顔を赤らめた。
さ,で非,難さ,れた,彼は脱税で非難された。
み,人の,苦しみ,みに,彼は他人の苦しみに対して淡淡だ。
み,とき,痛み,で叫,彼は足を折ったとき痛みで叫んでいた。
さ,って,重さ,をみ,彼は石を手に持って重さをみた。
さ,彼は,静けさ,さを,彼は静けさを好む。
み,生の,楽しみ,みを,彼は人生の楽しみを知らなかった。
さ,人が,良さ,そう,彼は人が良さそうに見えるが本当は底意地が悪い。
さ,話の,くどさ,さは,彼は親切な男だったが、その話のくどさは人をいらいらさせた。
さ,ない,賢さ,に恵,彼は申し分のない賢さに恵まれている。
さ,しの,強さ,がな,彼は商売で成功するだけの押しの強さがない。
さ,ある,優しさ,さを,彼は女性に魅力的なある優しさを持っていた。
さ,彼は,暑さ,のた,彼は暑さのために食欲がなかった。
さ,彼は,暑さ,に当,彼は暑さに当てられた。
さ,彼は,暑さ,で卒,彼は暑さで卒倒し気を失ってしまったが、奥さんの辛抱強い看病のおかげで正気を取り戻すことができた。
さ,分の,若さ,を過,彼は自分の若さを過信している。
さ,運の,悪さ,のせ,彼は自分の失敗を運の悪さのせいにしている。
さ,背の,高さ,です,彼は私の兄と同じくらいの背の高さです。
さ,背の,高さ,です,彼は私と同じくらいの背の高さです。
さ,いの,大きさ,さだ,彼は私くらいの大きさだ。
さ,は市,長さ,んと,彼は市長さんと握手をした。
さ,使い,古さ,れた,彼は使い古された上衣を着ていた。
み,事と,楽しみ,みを,彼は仕事と楽しみを結び付けている。
み,きな,悲しみ,みを,彼は妻が死んだとき大きな悲しみを感じた。
さ,して,寒さ,を感,彼は決して寒さを感じないようだ。
み,彼は,苦しみ,み悶,彼は苦しみ悶えていた。
み,金を,惜しみ,みな,彼は金を惜しみなく使う。
み,急に,痛み,を覚,彼は急に痛みを覚えた。
さ,で非,難さ,れた,彼は義務怠慢で非難された。
さ,彼は,寒さ,に大,彼は寒さに大変敏感だ。
さ,彼は,寒さ,で青,彼は寒さで青ざめていた。
さ,彼は,寒さ,で真,彼は寒さで真っ青になっていた。
み,彼は,楽しみ,みに,彼は楽しみにピアノを弾いている。
み,彼は,楽しみ,みで,彼は楽しみで我を忘れている。
み,しい,痛み,で苦,彼は怪我からくる激しい痛みで苦しんだ。
さ,夏の,暑さ,が好,彼は夏の暑さが好きではない。
さ,と非,難さ,れた,彼は臆病だと非難された。
み,鋭い,痛み,を意,彼は鋭い痛みを意識していた。
さ,って,寒さ,が骨,彼は一人ぼっちになって寒さが骨に染みた。
さ,べの,寒さ,で死,彼はゆうべの寒さで死んだ。
さ,背の,高さ,です,彼はどのくらいの背の高さですか。
さ,はど,さくさ,さに,彼はどさくさにまぎれて行方をくらました。
さ,火の,早さ,で仕,彼はそれを電光石火の早さで仕上げた。
み,れを,楽しみ,みに,彼はそれを楽しみにしている。
み,のを,楽しみ,みに,彼はその翌年外国を旅行するのを楽しみにしていた。
み,トを,楽しみ,みに,彼はその夜のデートを楽しみにしていた。
さ,性の,美しさ,さに,彼はその女性の美しさにうっとりしている。
さ,て慎,重さ,が欠,彼はその決定について慎重さが欠けていた。
み,その,楽しみ,みを,彼はその楽しみを与えられなかった。
さ,どい,暑さ,で健,彼はそのひどい暑さで健康をおかされた。
さ,と非,難さ,れた,彼はそのことについてうそをついたと非難された。
さ,事に,後ろめたさ,めた,彼はそうする事に後ろめたさを感じなかった。
さ,して,若さ,を保,彼はジョギングをして若さを保っている。
み,のを,楽しみ,みに,彼はサマセットの小さな別荘で彼女と週末を過ごすのを楽しみにしていた。
み,とで,楽しみ,みを,彼はコンサートに行くことで楽しみを見出す。
さ,背の,高さ,であ,彼はお父さんと同じくらいの背の高さである。
さ,で非,難さ,れた,彼はあんなに乱雑な報告書を書いたことで非難された。
み,深い,悲しみ,みに,彼はある深い悲しみに苦しんだ。
さ,けの,美しさ,さを,彼はアルプス山脈の夜明けの美しさをぼんやりとたたずんで見ていた。
み,のを,楽しみ,みに,彼はあなたに会うのを楽しみにしている。
さ,台の,長さ,を測,彼は、寝台の長さを測った。
み,のが,楽しみ,みで,彼は、家に行くのが楽しみでした。
み,女の,悲しみ,みは,彼の話で彼女の悲しみはまぎれた。
さ,聞の,広さ,がう,彼の話からその見聞の広さがうかがわれた。
さ,彼の,冷たさ,さが,彼の冷たさが彼の友人を疎遠にさせてしまった。
さ,彼の,良さ,は外,彼の良さは外見では分からない。
さ,娘は,美しさ,さと,彼の娘は美しさと上品さに恵まれていた。
さ,倍の,広さ,だ。,彼の部屋は私の部屋の倍の広さだ。
さ,彼の,美しさ,さは,彼の美しさは言葉では言い尽くされなかった。
み,妻は,悲しみ,みで,彼の非業の死を聞いた時、彼の妻は悲しみで気も狂わんばかりだった。
み,とう,明るみ,みに,彼の秘密の生活がとうとう明るみに出てしまった。
さ,忍耐,強さ,には,彼の忍耐強さには驚いた。
さ,頭の,良さ,は広,彼の頭の良さは広く認められている。
さ,彼の,大きさ,さは,彼の大きさはどのくらいですか。
み,心は,悲しみ,みで,彼の心は悲しみでずたずたになった。
み,心は,苦しみ,みに,彼の心は苦しみに満ちていた。
さ,彼の,重さ,でロ,彼の重さでロープがぴんと張った。
さ,手は,寒さ,で青,彼の手は寒さで青白くなっていた。
み,彼の,弱み,に付,彼の弱みに付け込むのはやめなさい。
さ,彼の,若さ,を考,彼の若さを考慮に入れるべきだ。
さ,彼の,若さ,を考,彼の若さを考慮しなければならない。
さ,彼の,若さ,を考,彼の若さを考慮して、警察は彼を告発しないことに決めた。
さ,活に,空しさ,さを,彼の死は彼らの生活に空しさをもたらした。
み,指に,痛み,が走,彼の指に痛みが走った。
さ,慮の,無さ,には,彼の思慮の無さには驚いた。
さ,験の,無さ,を考,彼の仕事を判断するには経験の無さを考慮すべきだ。
み,調は,悲しみ,み口,彼の口調は悲しみ口調だった。
さ,こと,はくさ,さい,彼の言うことはくさい。
さ,彼の,賢さ,は大,彼の賢さは大したものです。
さ,倍の,大きさ,さだ,彼の家は私の家の３倍の大きさだ。
さ,は着,古さ,れて,彼の衣服は着古されている。
み,には,重み,があ,彼の意見には重みがある。
さ,ーの,悪さ,には,彼のマナーの悪さには参ったよ。
み,トを,楽しみ,みに,彼のプレゼントを楽しみにしているの。
さ,頭の,良さ,に圧,彼に会うたびごとに、彼の頭の良さに圧倒された。
み,言う,強み,があ,彼には富と言う強みがある。
さ,しの,強さ,がな,彼には商売で成功できるだけの押しの強さがない。
さ,には,寒さ,がと,彼には寒さがとてもこたえる。
み,れて,楽しみ,みに,彼には我を忘れて楽しみにふける時間があった。
み,、軽,はずみ,みに,彼にはよくあることだが、軽はずみにその事件を報道した。
み,のが,楽しみ,みだ,彼と会うのが楽しみだなあ。
さ,で粛,清さ,れま,反体制派はすべて旧体制のもとで粛清されました。
さ,箱の,大きさ,さは,箱の大きさは小さいのから大きいのまでまちまちだ。
み,中に,痛み,を感,背中に痛みを感じる。
み,まだ,痛み,ます,背中がまだ痛みます。
み,頃に,痛み,があ,排尿の終わり頃に痛みがあります。
み,時に,痛み,があ,排尿の時に痛みがあります。
さ,納豆,はくさ,さい,納豆はくさいが、美味い。
み,中が,痛み,ます,熱があるので身体中が痛みます。
さ,み勉,強さ,せる,入試のために生徒に詰め込み勉強させる。
さ,幣の,大きさ,さに,入っていたのは紙幣の大きさに切った紙切れだった。
さ,その,美しさ,さと,日本文学は、その美しさと豊かさにもかかわらず、西欧ではまだ不十分にしか知られていない。
さ,て非,難さ,れる,日本人はものの見方が内向的であるとか、国際性が不十分であると言って非難されることが多い。
さ,色の,美しさ,さで,日本は景色の美しさで有名だ。
み,負け,惜しみ,みに,日本の市場が閉鎖的だという非難は、負け惜しみにすぎません。
さ,山は,高さ,３７,日本の最高峰、富士山は高さ３７７６メートルである。
み,のを,楽しみ,みに,日本であなたに会うのを楽しみにしています。
み,動は,はずみ,みが,日がたつにつれて我々の運動ははずみがついた。
さ,のは,暑さ,のた,肉が腐ったのは暑さのためです。
み,いに,憎み,合っ,二人は互いに憎み合っていた。
さ,前の,静けさ,さっ,二人の沈黙はなんなんだ。これが嵐の前の静けさってやつか。
み,達の,苦しみ,みを,難民達の苦しみを救済すべきだ。
み,ちの,苦しみ,みを,難民たちの苦しみを救済するべきだ。
み,きな,楽しみ,みで,読書は彼にとって大きな楽しみです。
み,きな,楽しみ,みで,読書は私の大きな楽しみです。
み,ちに,楽しみ,みを,読書は私たちに楽しみを与える。
み,もな,楽しみ,みだ,読書が彼のおもな楽しみだ。
み,くの,楽しみ,みを,読書から多くの楽しみを得るでしょう。
み,から,楽しみ,みを,読書から楽しみを引き出すのは読者次第です。
み,特に,痛み,はあ,特に痛みはありません。
み,旅の,楽しみ,みだ,道の人たちにあうのは旅の楽しみだ。
み,上の,強み,は何,同社の競走上の強みは何ですか。
み,喉の,痛み,があ,頭痛と喉の痛みがありますか。
さ,,痛さ,えな,頭痛さえなければいくのだが。
み,しい,痛み,があ,頭に激しい痛みがあった。
さ,々は,寒さ,に慣,当地の人々は寒さに慣れている。
み,り御,楽しみ,みく,当ホテルでの御宿泊をごゆっくり御楽しみください。
さ,ルの,高さ,はど,東京都庁ビルの高さはどのくらいありますか。
み,のを,楽しみ,みに,東京にいらしたときにお会いするのを楽しみにしています。
み,空が,白み,始め,東の空が白み始めていた。
み,空が,赤み,を帯,東の空が赤みを帯びている。
み,胃の,痛み,を訴,怒りっぽくなり、妻の料理にいつもけちを付け胃の痛みを訴えた。
み,活の,楽しみ,みを,都会に住んでいる人々は田園生活の楽しみを知らない。
さ,て尊,重さ,れる,伝統は伝統として尊重されるべきだ。
み,勤を,楽しみ,みに,転勤を楽しみにしています。
み,とで,楽しみ,みが,天気が良かったことで楽しみが増えた。
さ,井は,高さ,が１,天井は高さが１０フィートある。
さ,で延,長さ,れた,鉄道路線が津軽海峡の下を通って北海道まで延長された。
さ,花が,寒さ,でし,庭の花が寒さでしおれてしまった。
み,,痛み,止め,痛み止めを下さい。
み,,痛み,止め,痛み止めの注射をします。
み,,痛み,を抑,痛みを抑える薬を何かください。
み,,痛み,を感,痛みを感じる価値さえない。
み,,痛み,は今,痛みは今は和らぎ始めている。
み,,痛み,はや,痛みはやがて治まってくるでしょう。
み,,痛み,はひ,痛みはひどかった。
み,,痛み,はだ,痛みはだんだん無くなっていくだろう。
み,,痛み,はあ,痛みはありますか。
み,,痛み,に耐,痛みに耐えねばなりません。
み,,痛み,が少,痛みが少し減りました。
み,,痛み,が我,痛みが我慢できません。
み,,痛み,が右,痛みが右脚に走ります。
み,,痛み,がひ,痛みがひどくなってきました。
み,,痛み,がな,痛みがなくなりました。
み,,痛み,がと,痛みがとてもひどかったので眠れなかった。
み,,痛み,があ,痛みがあまりひどかったので、彼は薬を飲んだ。
さ,ル、,深さ,２メ,直径１メートル、深さ２メートルの穴を掘るのに、約２時間半かかりました。
み,暇を,楽しみ,みま,長い休暇を楽しみましょう。
み,実が,明るみ,みに,調査の後で２、３の重要な事実が明るみにでた。
み,行を,楽しみ,みに,トムさんは中国旅行を楽しみに待っています。
さ,倍の,広さ,だ。,中国は日本の約２５倍の広さだ。
さ,倍の,大きさ,さだ,中国は日本の２０倍の大きさだ。
さ,倍の,大きさ,さが,中国は日本の２０倍の大きさがあります。
さ,,恥ずかしさ,かし,恥ずかしさで彼女の頬が赤くなりはじめた。
さ,,恥ずかしさ,かし,恥ずかしさで彼女の顔をまともに見られなかった。
さ,,恥ずかしさ,かし,恥ずかしさで彼女のほおが赤くなりだした。
さ,,恥ずかしさ,かし,恥ずかしさで彼の頬は真っ赤になっていた。
さ,,恥ずかしさ,かし,恥ずかしさで彼のほおはかっと燃えていた。
さ,倍の,大きさ,さで,地球は月の約６倍の大きさである。
さ,段は,大きさ,さに,値段は大きさによります。
み,魔の,苦しみ,みも,断末魔の苦しみもなくなっていた。
み,日が,楽しみ,みだ,誕生日が楽しみだな。
さ,って,良さ,そう,誰かが手伝ってくれたら、せめて「ありがとう」ぐらいは言ったって良さそうなものだったのに。
さ,,大きさ,さを,大きさをお考えならば、その家は立派とは言えません。
さ,いう,若さ,で退,退職を選択する人々は、６２歳という若さで退職を選べるのである。もっとも、その年齢で社会保障年金を受け取り始めると、支払金額が２０％削減されてしまうことになるだろうが。
さ,横と,深さ,を掛,体積を計算するなら、縦と横と深さを掛ければよい。
さ,倍の,大きさ,さが,太陽は地球の約百万倍の大きさがある。
さ,倍の,重さ,があ,太陽は地球の３３万倍の重さがある。
さ,然の,美しさ,さに,多くの詩人が自然の美しさについて書いている。
さ,伎の,良さ,がわ,多くの外国人が歌舞伎の良さがわかります。
み,人の,悲しみ,みや,他人の悲しみや喜びが本当にわかる人はいない。
み,人の,弱み,に付,他人の弱みに付け込むな。
み,りを,楽しみ,みに,村人たちはみな祭りを楽しみにしている。
さ,さや,寒さ,に対,足の裏は暑さや寒さに対して鈍い。
さ,裏は,暑さ,や寒,足の裏は暑さや寒さに対して鈍い。
さ,知と,寂しさ,さに,相場師の中には老人の無知と寂しさに付け込む奴がいる。
み,手の,弱み,につ,相手の弱みにつけ込むような振る舞いだけはやめようや。
さ,富と,賢さ,のも,早寝早起きは健康と富と賢さのもと。
さ,,良さ,は抽,善良さは抽象的、親切な行為は具体的である。
さ,,良さ,には,善良さには美貌よりも人の心を多くひきつけるものがありますか。
さ,っと,良さ,そう,前よりもずっと良さそうですね。
さ,トの,高さ,まで,泉はおよそ１７０フィートの高さまで温水を吹き出す。
み,惨と,悲しみ,みが,戦争には悲惨と悲しみが伴う。
み,惨と,悲しみ,みが,戦争には悲惨と悲しみがつきものだ。
さ,川の,深さ,は五,川の深さは五フィートだ。
さ,識の,広さ,に驚,先生は彼の知識の広さに驚いた。
み,のは,楽しみ,みだ,先生にとって、彼女を教えるのは楽しみだった。
さ,膝の,深さ,だっ,雪は膝の深さだった。
さ,雪の,重さ,で家,雪の重さで家がつぶれた。
さ,形の,大きさ,さく,赤ちゃんはこの人形の大きさくらいしかない。
さ,同じ,重さ,の金,昔は、書物の価値は同じ重さの金とまでは行かないにしても、銀ぐらいの価値があった。
さ,,静けさ,さの,静けさの中、ナンシーは突然叫び声をあげた。
さ,,静けさ,さが,静けさが森を支配していた。
み,さの,痛み,を和,誠実さの痛みを和らげる。
さ,命の,尊さ,を考,生命の尊さを考えた事のない人は医学を志すべきではない。
み,みを,楽しみ,みに,生徒たちは夏休みを楽しみにしている。
さ,同じ,長さ,の辺,正方形は４つの同じ長さの辺をもつ。
さ,ら非,難さ,れた,政府の政策は野党から非難された。
さ,で非,難さ,れた,政府の政策は、世界中で非難された。
み,時に,痛み,があ,性交時に痛みがあります。
さ,橋の,長さ,はど,瀬戸大橋の長さはどのくらいありますか。
さ,は、,恥ずかしさ,かし,世間知らずのその男は、恥ずかしさで顔を赤らめた。
さ,店の,多さ,、マ,世界中でスポーツの人気が高まっていることは、新聞でのスポーツ・ニュース、スポーツ用品店の多さ、マラソンその他のレースに参加する人の数などによって明らかである。
み,った,痛み,のな,数々の主張からとった痛みのないエキス。
さ,れで,面白さ,さが,数字を足したり引いたりという面倒臭い仕事も一旦始めてしまえば、それはそれで面白さがあるものだよ。
さ,で面,白さ,があ,数字を足したり引いたりという面倒臭い仕事も一旦始めてしまえば、それはそれで面白さがあるものだよ。
み,虫が,痛み,ます,水虫が痛みます。
み,私の,楽しみ,みの,水泳が私の楽しみの１つです。
さ,ざの,高さ,だっ,水は私のひざの高さだった。
み,生は,楽しみ,みや,人生は楽しみや遊びばかりでない。
さ,ける,難しさ,さは,人生における難しさは選択である。
さ,用心,深さ,にあ,人生での成功の道は勤勉さと用心深さにある。
さ,と用,心深さ,さに,人生での成功の道は勤勉さと用心深さにある。
み,間の,苦しみ,みの,人を嫌うのは言うまでもなく、人を信頼できないことが、人間の苦しみの根源だ。
み,死の,悲しみ,みか,人は我が子の死の悲しみから完全に立ち直ることは出来ないと思う。
み,いと,苦しみ,みの,人には、迷いと苦しみのもとである煩悩がある。
さ,どの,静けさ,さだ,針の落ちる音も聞こえるほどの静けさだ。
さ,うな,寒さ,だ。,身をさすような寒さだ。
さ,供が,悪さ,をす,親は子供が悪さをするのをしかる。
さ,,親しさ,さは,親しさは侮りを生む。
み,書の,楽しみ,みを,親か先生が子供に読書の楽しみを十分にわからせなければならない。
さ,ほど,悪さ,をす,親がいないとどうしようもないほど悪さをする子供たちもいるものだ。
さ,森の,静けさ,さは,森の静けさは安らぎを与える。
さ,倍の,長さ,だ。,新トンネルは旧トンネルの２倍の長さだ。
さ,もの,長さ,にな,新しい橋は１．５Ｋｍもの長さになる予定だ。
さ,倍の,大きさ,さが,新しいホールは古いホールの２倍の大きさがある。
さ,,重さ,が足,慎重さが足りなくて彼が失敗したのは明らかだ。
み,心の,痛み,を感,心の痛みを感じたおまえを追うのが怖かった。
み,心が,痛み,ます,心が痛みます。
み,どが,痛み,ます,食べ物を飲み込むとのどが痛みます。
み,げで,痛み,がな,錠剤のおかげで痛みがなくなった。
さ,象の,大きさ,さに,象の大きさにその幼い少年はびっくりさせられた。
さ,床は,重さ,で曲,床は重さで曲がった。
み,女は,悲しみ,みに,少女は悲しみにうちひしがれた。
さ,包の,重さ,をは,小包の重さをはかってもらえますか。
み,雪の,重み,でミ,小屋の屋根は雪の重みでミシミシと音を立てた。
さ,女の,美しさ,さを,小さなあざは彼女の美しさを少しも損なわなかった。
さ,房の,悪さ,は六,女房の悪さは六十年の不作。
み,女の,強み,は舌,女の強みは舌にある。
み,生の,楽しみ,みを,書物は人生の楽しみを増やす。
み,きな,楽しみ,みが,書物から大きな楽しみが得られます。
さ,,暑さ,続き,暑さ続きでその植物はしぼんでしまった。
さ,暑さ,寒さ,も彼,暑さ寒さも彼岸まで。
さ,,暑さ,寒さ,暑さ寒さも彼岸まで。
さ,,暑さ,のた,暑さのため多くのランナーが意識を失った。
さ,,暑さ,のた,暑さのために花は萎れた。
さ,,暑さ,にや,暑さにやられた。
さ,この,暑さ,には,この暑さには全くまいります。
さ,,暑さ,にあ,暑さにあたった。
さ,,暑さ,で多,暑さで多くのランナーが意識を失った。
さ,,暑さ,で一,暑さで一晩中眠れなかったのさ。
さ,,暑さ,が彼,暑さが彼にはこたえた。
さ,,暑さ,が弱,暑さが弱まった。
み,のを,楽しみ,みに,春になったら会えるのを楽しみにしているよ。
み,とを,楽しみ,みに,春が再び巡ってくることを楽しみにしています。
さ,女の,美しさ,さに,出席者は彼女の美しさにうっとりした。
さ,退の,潔さ,をわ,出処進退の潔さをわきまえている、と彼は言っているけれど、いざとなったらどうだかね。
み,とと,楽しみ,みに,叔父から贈り物をもらえるものとと楽しみにしています。
み,,重み,で氷,重みで氷が砕けた。
さ,その,美しさ,さで,十和田湖はその美しさで有名である。
み,分に,楽しみ,みな,十分に楽しみなさい。
み,倒の,苦しみ,みを,週末に胆石が動いて、七転八倒の苦しみを味わったよ。
み,して,楽しみ,みな,終始勉強ばかりしていないで、たまには外出して楽しみなさい。
み,賄が,明るみ,みに,収賄が明るみにでた。
さ,,若さ,ゆえ,若さゆえに彼に対する告訴は取り下げられた。
さ,,若さ,は永,若さは永遠ではないということを忘れてはならない。
さ,,若さ,には,若さにはそれなりの利点がある。
み,ちに,楽しみ,みな,若いうちに楽しみなさい。
さ,も禁,煙さ,れた,釈迦に説法とは存じますが、医者も禁煙されたほうがよろしいのではないでしょうか。
み,実の,重み,で木,実の重みで木がたわんでいた。
さ,分の,美しさ,さに,自分の美しさに対する彼女のうぬぼれに多くの人が腹を立てた。
み,のを,楽しみ,みに,次の日曜日に君に会うのを楽しみにしています。
み,のを,楽しみ,みに,次の日曜に君に会うのを楽しみにしています。
み,会を,楽しみ,みに,次に話す機会を楽しみにして待ちませんか。
み,んな,悲しみ,みも,時はどんな悲しみも癒してくれる。
み,って,悲しみ,みは,時の翼に乗って悲しみは飛び去る。
み,強い,悲しみ,みで,時と思案はもっとも強い悲しみでも和らげる。
み,女の,悲しみ,みを,時が彼女の悲しみを癒した。
み,女の,悲しみ,みは,時がたつにつれ彼女の悲しみは薄れていった。
み,て、,悲しみ,みは,時が経つにつれて、悲しみは薄らぐ。
み,足を,楽しみ,みに,児童たちは、もうすぐやって来る遠足を楽しみにしている。
さ,を白,黒さ,せた,事の意外な成り行きに目を白黒させた。
み,ても,痛み,ます,歯がとても痛みます。
さ,する,難しさ,さに,詩を翻訳する難しさについては、すでにいろいろいわれてきた。
み,のを,楽しみ,みに,私達は来週ハイキングに行くのを楽しみにしています。
さ,舎の,美しさ,さを,私達は田舎の美しさを保存するべきだ。
み,人の,苦しみ,みに,私達は他人の苦しみに同情するべきだ。
み,きな,楽しみ,みを,私達は書物から大きな楽しみを得ることができる。
さ,しい,暑さ,のた,私達は激しい暑さのため戸外で遊べなかった。
み,のを,楽しみ,みに,私達はみんなあなたとあなたの家族に会えるのを楽しみにしています。
み,いを,怪しみ,みな,私達はその食べ物のにおいを怪しみながらかいだ。
さ,色の,美しさ,さに,私達はその景色の美しさに感嘆した。
み,事を,楽しみ,みに,私達はあなたとあなたの家族に会える事を楽しみに待っています。
さ,川の,深さ,をは,私達は、その川の深さをはかった。
み,行を,楽しみ,みに,私は旅行を楽しみにしている。
さ,点を,はずさ,さな,私は要点をはずさない。
さ,に告,白さ,せら,私は無理に告白させられた。
み,とを,楽しみ,みに,私は父と狩りに行くことを楽しみにしています。
さ,膝の,長さ,のス,私は膝の長さのスカートは好きです。
み,なる,悲しみ,みの,私は悲しく感じることが好きである。私はたいていの人は、いかなる悲しみの感情も避けようとすることを知っている。しかし、私はそれは間違っていると思う。
さ,女の,美しさ,さに,私は彼女の美しさにうっとりした。
さ,手の,温かさ,さを,私は彼女の手の温かさを覚えている。
み,残る,悲しみ,みの,私は彼女の顔に残る悲しみの跡を見た。
さ,運の,良さ,を羨,私は彼の運の良さを羨ましく思った。
み,たが,親しみ,みを,私は彼と話をして、彼がとまどっているようにも思えたが親しみを感じた。
み,のを,楽しみ,みに,私は彼から便りが来るのを楽しみに待っている。
み,鋭い,痛み,を感,私は突然胃に鋭い痛みを感じた。
み,少し,痛み,を感,私は頭に少し痛みを感じた。
み,きな,楽しみ,みだ,私は釣りが大きな楽しみだ。
み,胆の,苦しみ,みを,私は長い間臥薪嘗胆の苦しみをなめた。
み,のを,楽しみ,みま,私は川で泳ぐのを楽しみました。
さ,私は,静けさ,さを,私は静けさを楽しんでいた。
み,クを,楽しみ,みま,私は場末のジャズクラブに行って、ライブミュージックを楽しみます。
さ,私は,暑さ,のた,私は暑さのため眠れなかった。
さ,私は,暑さ,に弱,私は暑さに弱い。
さ,この,暑さ,にた,私はこの暑さにたえられない。
さ,私は,暑さ,には,私は暑さには慣れていた。
さ,私は,暑さ,にと,私は暑さにとても敏感だ。
み,十分,楽しみ,みま,私は十分楽しみました。
み,大変,楽しみ,みに,私は修学旅行を大変楽しみにしている。
さ,さに,恥ずかしさ,かし,私は自分の非礼さに恥ずかしさでいっぱいだった。
み,のを,楽しみ,みま,私は時々馬に乗るのを楽しみます。
さ,達の,騒々しさ,しさ,私は子供達の騒々しさは我慢できない。
さ,こか,でかさ,さを,私は公園のどこかでかさをなくしてしまった。かさを買わなければならない。
み,のを,楽しみ,みに,私は君や君の家族に会えるのを楽しみにしている。
み,のを,楽しみ,みに,私は君に会えるのを楽しみにしています。
み,のを,楽しみ,みに,私は君に会うのを楽しみに待っている。
さ,人の,美しさ,さは,私は教会である女性に会いましたが、その人の美しさはいつまでも印象に残っています。
み,らに,痛み,を感,私は急にわきばらに痛みを感じた。
さ,私は,寒さ,に敏,私は寒さに敏感だ。
さ,私は,寒さ,に弱,私は寒さに弱い。
さ,私は,寒さ,にな,私は寒さになれている。
み,私は,楽しみ,みに,私は楽しみにしています。
み,私は,楽しみ,みで,私は楽しみでピアノを弾く。
み,暇を,楽しみ,みに,私は海辺での楽しい休暇を楽しみにしている。
み,みを,楽しみ,みに,私は夏休みを楽しみに待っている。
み,しい,痛み,を覚,私は胃に激しい痛みを覚えた。
み,いて,楽しみ,みま,私はよく夕食後クラシック音楽を聴いて楽しみます。
さ,に非,難さ,れて,私は間違っている時に非難されても構わない。
み,その,痛み,をほ,私はその痛みをほとんどがまんできなかった。
さ,その,寒さ,にが,私はその寒さにがまんできない。
み,とを,楽しみ,みに,私はすぐにまたあなたに会えることを楽しみにしています。
み,とを,楽しみ,みに,私はコンサートに行くことを楽しみに待っている。
さ,倍の,大きさ,さの,この三倍の大きさの箱が欲しいんだ。
さ,この,寒さ,には,私はここの寒さには耐えられない。
み,スを,楽しみ,みに,私はクリスマスを楽しみに待っています。
み,りを,楽しみ,みに,私はあなたのお便りを楽しみにお待ちしています。
み,のを,楽しみ,みに,私はあなたに間もなくお会いするのを楽しみにしています。
み,とを,楽しみ,みに,私はあなたに会えることを楽しみにしている。
み,のを,楽しみ,みに,私はあなたに会うのを楽しみにしています。
み,とを,楽しみ,みに,私はあなたに会うことを楽しみに待っています。
み,とを,楽しみ,みに,私はあなたにまもなく会えることを楽しみにしている。
み,のが,楽しみ,みだ,私はあなたにこの街を案内してあげるのが楽しみだ。
み,のを,楽しみ,みに,私はあなたにお会いするのを楽しみにしています。
み,して,楽しみ,みま,私はあなたにお会いし、昔の話をして楽しみました。
み,同じ,苦しみ,みに,私はあなたが味わったのと同じ苦しみに悩んでいる。
み,のを,楽しみ,みに,私はあなたが日本に来るのを楽しみにしています。
み,のを,楽しみ,みに,私はあなたからすぐに便りをもらうのを楽しみにしています。
み,のを,楽しみ,みに,おいでになるのを楽しみにしています。
み,のが,楽しみ,みだ,私は、毎秋りんご園へ行くのが楽しみだ。
さ,景の,美しさ,さに,私は、風景の美しさについて、述べた。
さ,て禁,煙さ,せた,私は、父を説得して禁煙させた。
さ,大な,美しさ,さを,私は、それの偉大な美しさを否定するほど愚かではない。
さ,手は,寒さ,で感,私の両手は寒さで感覚がなかった。
さ,この,暗さ,に慣,私の目はまだこの暗さに慣れていない。
み,スを,楽しみ,みに,私の娘はクリスマスを楽しみに待っている。
さ,ぎと,静けさ,さだ,私の望むのは安らぎと静けさだけです。
さ,倍の,広さ,があ,私の部屋は彼の部屋の倍の広さがある。
さ,倍の,広さ,だ。,私の部屋は君の部屋の３倍の広さだ。
さ,倍の,大きさ,さだ,私の部屋はあなたの部屋の二倍の大きさだ。
さ,同じ,長さ,だ。,私の髪はジェーンの髪と同じ長さだ。
さ,同じ,長さ,だ。,私の髪はジェーンのと同じ長さだ。
さ,同じ,長さ,だ。,私の髪はジェーンと同じ長さだ。
さ,倍の,重さ,があ,私の箱はあなたの箱の２倍の重さがあります。
み,骨の,痛み,はひ,私の背骨の痛みはひどくなっています。
み,いに,楽しみ,みに,私の弟は切手収集を大いに楽しみにしている。
み,心は,悲しみ,みで,私の心は悲しみでいっぱいだった。
さ,手は,寒さ,でか,私の手は寒さでかじかんでいる。
み,本が,痛み,ます,私の歯の一本が痛みます。
さ,犬の,大きさ,さは,私の犬の大きさはあなたの犬の半分です。
さ,した,恐ろしさ,しさ,私の経験した恐ろしさはとてもことばでは言い表せません。
み,私の,楽しみ,みの,私の楽しみの１つはテレビを見ることです。
さ,らの,青さ,です,私の印象に残ったのはそらの青さです。
さ,倍の,重さ,があ,私のは箱にはあなたのはこの二倍の重さがある。
さ,いは,若さ,に免,私のおいは若さに免じて許された。
さ,景の,美しさ,さを,私にはこの風景の美しさを言葉で表すことができない。
み,のを,楽しみ,みに,私たちみんなとその家族に会えるのを楽しみにしています。
み,のを,楽しみ,みに,私たちみんながあなたとあなたの家族に会えるのを楽しみにしています。
さ,礼儀,正しさ,さと,私たちは礼儀正しさというのは意識して機能しないということを覚えておくべきです。
み,女の,悲しみ,みに,私たちは彼女の悲しみに気づかなかった。
さ,彼の,若さ,を考,私たちは彼の若さを考慮に入れなければならない。
さ,舎の,美しさ,さを,私たちは田舎の美しさを保存すべきだ。
み,その,楽しみ,み方,私たちは長く寒い冬を過ごすが、その楽しみ方を知っている。
み,くの,楽しみ,みを,私たちは書物から多くの楽しみを得ることができる。
み,して,楽しみ,みま,私たちは昨夜チェスをして楽しみました。
み,事を,楽しみ,みに,私たちはみなあなたに会う事を楽しみにしている。
み,とを,楽しみ,みに,私たちはまたあなたに会えることを楽しみにしています。
み,見て,楽しみ,みま,私たちはテレビを見て楽しみます。
み,れを,楽しみ,みに,私たちはそれを楽しみに待っています。
み,問を,楽しみ,みに,私たちはおじさんの訪問を楽しみにまってます。
み,のを,楽しみ,みに,私たちはあなたとあなたの家族と会うのを楽しみにしている。
み,から,楽しみ,みを,私たちは、書物から楽しみを得ることができる。
み,して,楽しみ,みま,私たちは、テニスをして楽しみました。
み,のを,楽しみ,みに,私たちは、あなたの旅行の話を聞くのを楽しみにしています。
さ,の気,軽さ,で宇,私たちの惑星は飛ぶ鳥の気軽さで宇宙を動いている。
さ,鳥の,気軽さ,さで,私たちの惑星は飛ぶ鳥の気軽さで宇宙を動いている。
さ,校と,大きさ,さが,私たちの学校はあなたの学校と大きさが違っていた。
さ,分な,広さ,です,私たちの家は、５人家族には十分な広さです。
さ,礼儀,正しさ,さの,私たちが意識してほかの礼儀正しさの形をわきまえることが大切である。
さ,は、,暑さ,とい,私が疲れるのは、暑さというよりはむしろ湿度のせいだ。
さ,きの,恐ろしさ,しさ,私がその光景を見たときの恐ろしさをちょっと想像して下さい。
み,雪の,重み,で曲,枝は雪の重みで曲がった。
み,当に,楽しみ,みに,子供たちは夏休みを本当に楽しみに待っている。
さ,まん,強さ,を示,子供たちは、勉強の挫折に対してあまりがまん強さを示さない。
み,女は,悲しみ,みで,子供が死に、彼女は悲しみで気も狂わんばかりであった。
さ,どの,美しさ,さだ,山頂からの日の出は言葉に言い表せないほどの美しさだった。
み,のと,楽しみ,みに,山で静かな休日を過ごせるものと楽しみにしていた。
み,見て,楽しみ,みま,昨夜はナイターを見て楽しみましたか。
さ,その,恐ろしさ,しさ,昨夜エイズの記録映画を見て、その恐ろしさがしみじみ分かった。
さ,しい,寒さ,を経,昨年南極で厳しい寒さを経験した。
み,どい,痛み,をお,昨日、胸にするどい痛みをおぼえた。
さ,しい,寒さ,にや,作物は厳しい寒さにやられた。
さ,は慎,重さ,がな,裁判官には慎重さがなくてはならない。
さ,鎖の,強さ,はそ,鎖の強さはその環の一番弱いところに左右される。
み,歯が,痛み,ます,左上の奥歯が痛みます。
み,節が,痛み,ます,左肩の関節が痛みます。
さ,て勉,強さ,せた,佐藤さんは息子の尻をたたいて勉強させた。
み,とを,楽しみ,みに,今夜皆さんにお会いすることを楽しみにしています。
み,分に,楽しみ,みま,今夜はあなたとのお話を存分に楽しみました。
さ,柄は,良さ,そう,今年は米の作柄は良さそうだ。
さ,りの,寒さ,だそ,今年の冬は２０年ぶりの寒さだそうだ。
さ,番の,暑さ,だ。,今年の夏はこの３０年で一番の暑さだ。
さ,夜の,長さ,が同,今日は昼と夜の長さが同じです。
さ,日は,暑さ,がひ,今日は暑さがひどい。
さ,日の,寒さ,とは,今日は昨日の寒さとはうって変わった陽気だ。
さ,日は,寒さ,がひ,今日は寒さがひどい。
み,日は,楽しみ,みに,今日は楽しみにしてきました。
さ,度の,高さ,まで,今日、気温は摂氏３０度の高さまでも上昇した。
み,ょ？,楽しみ,みだ,今度のイベントのアトラクションにはＫ先生が出るんでしょ？楽しみだなあ実に。
み,のを,楽しみ,みに,今度あなたの町を訪れるときにはあなたにお会いするのを楽しみにしています。
さ,みる,寒さ,だっ,今朝は骨身にしみる寒さだった。
さ,子が,良さ,そう,今朝、彼は昨日よりずっと身体の調子が良さそうだった。
み,,惜しみ,みを,骨惜しみをしてはなにも得ない。
さ,その,大きさ,さに,国家も個人と同様に、その大きさによって評価すべきものではない。
さ,ルの,高さ,を修,合うようにテーブルの高さを修正しなければならない。
さ,儀の,悪さ,は彼,行儀の悪さは彼の良識を疑わせるものだ。
さ,属の,重さ,によ,硬貨の価値は使われた金属の重さによって決まった。
み,旅の,楽しみ,みを,好天気が私達の旅の楽しみを増した。
さ,は尊,重さ,れね,公衆の便宜は尊重されねばならない。
さ,どの,細さ,の小,光ファイバーケーブルは人間の髪の毛ほどの細さの小さなガラスでできている。
み,一の,楽しみ,みだ,碁を打つことが私の唯一の楽しみだ。
さ,ルの,深さ,だ。,湖は約２５メートルの深さだ。
さ,彼の,重さ,を支,湖の氷は彼の重さを支えれなかった。
さ,湖の,深さ,はど,湖の深さはどのくらいですか。
み,とに,楽しみ,みを,孤独なその患者は縫い物をすることに楽しみを感じている。
み,最近,明るみ,みに,古代中国についての新しい事実が最近明るみに出た。
さ,通尊,重さ,れる,個人主義がより行き渡っている国では、人中での喫煙に対する個人的反対が普通尊重される。
さ,争の,恐ろしさ,しさ,言うまでもなく、戦争の恐ろしさは伝えられなければならない。
さ,来の,温かさ,さが,言いかえると、生来の温かさがない限り信頼性は不可能だ。
さ,さと,甘さ,の中,厳しさと甘さの中間を見つける。
さ,,厳しさ,さと,厳しさと甘さの中間を見つける。
さ,での,長さ,でカ,肩までの長さでカットしてください。
さ,康の,尊さ,をい,健康の尊さをいくら評価してもしすぎることはない。
さ,は、,高さ,１メ,劇場の扉の上方にかかっているその言葉は、高さ１メートルありました。
さ,の残,酷さ,は筆,警察署内での拷問の残酷さは筆舌に尽くし難い。
み,活が,明るみ,みに,警察の調べによって彼らの秘密の生活が明るみに出た。
さ,うな,暑さ,がそ,警察によれば、真夏のうだるような暑さがその暴動に火をつけたということだ。
さ,,長さ,んが,課長さんが計画に変更を加えました。
み,早く,明るみ,みに,計画がこれほど早く明るみに出るとは思わなかった。
さ,集は,嬉しさ,さの,群集は嬉しさのあまり歓声を上げた。
さ,背の,高さ,です,君は僕と同じ背の高さです。
さ,彼の,若さ,を考,君は彼の若さを考慮に入れなければならない。
さ,に慎,重さ,を欠,君は行動に慎重さを欠いていた。
さ,この,寒さ,にす,君はこの寒さにすぐ慣れるだろう。
さ,塔の,高さ,がど,君はあのテレビ塔の高さがどれくらいあるか知っていますか。
さ,倍の,大きさ,さだ,君の本は私の本の２倍の大きさだ。
さ,倍の,広さ,があ,君の部屋は私の部屋の２倍の広さがある。
さ,君の,重さ,じゃ,君の重さじゃ氷が割れるよ。
さ,スの,重さ,はど,スーツケースの重さはどれくらいありますか。
さ,分の,大きさ,さし,君のカメラは私のカメラの半分の大きさしかない。
み,のを,楽しみ,みに,君に会うのを楽しみにしている。
み,心の,痛み,が分,君には御両親の心の痛みが分からないのか。
さ,解く,容易さ,さに,君が問題を解く容易さには驚くぜ。
さ,く容,易さ,には,君が問題を解く容易さには驚くぜ。
み,は軽,はずみ,みだ,君が彼の申し出を受けるとは軽はずみだったね。
み,のが,楽しみ,みで,君から手紙が届くのが楽しみです。
さ,ルの,高さ,まで,君が２メートルの高さまでジャンプするのは不可能だ。
さ,どの,美しさ,さだ,君、富士山を見たことあるかい。言葉では言い表せないほどの美しさだよ。
さ,当な,大きさ,さの,靴下は適当な大きさのものがよい。
さ,気に,重さ,があ,空気に重さがある、という考えはその子にはびっくりするようなことだった。
み,,苦しみ,みな,苦しみなくして利益なし。
さ,いの,長さ,です,金門橋はどれくらいの長さですか。
み,のを,楽しみ,みに,近々またお会いできるのを楽しみに待ってます。
み,のを,楽しみ,みに,近々お会いできるのを楽しみにしています。
さ,冬の,寒さ,を考,近づいてくる冬の寒さを考えて我々は予定していたピクニックを取りやめにした。
み,とを,楽しみ,みに,近い内にお便りいただけることを楽しみにしています。
み,のを,楽しみ,みに,近い内にお会いするのを楽しみにしています。
み,のを,楽しみ,みに,近いうちにもう一度お目にかかるのを楽しみにしています。
み,のを,楽しみ,みに,近いうちにまたお目にかかるのを楽しみに待っています。
み,のを,楽しみ,みに,近いうちにあなたにお会いするのを楽しみにしています。
み,やら,悲しみ,みや,驚きやら悲しみやらで彼女は一言も言えなかった。
さ,錠が,はずさ,され,驚いたことにドアの錠がはずされていた。
み,どく,痛み,ます,胸がひどく痛みます。
み,橋が,重み,で落,橋が重みで落ちた。
さ,,恐ろしさ,しさ,恐ろしさが私の心に忍び込み、そこに残った。
さ,烈な,暑さ,だ。,強烈な暑さだ。
さ,寺の,美しさ,さに,京都の魅力は古い寺の美しさにある。
さ,機の,多さ,だ。,日本に来て一番驚いたことは自動販売機の多さだ。
さ,魚の,大きさ,さを,漁師は釣り上げた魚の大きさをおおげさにいった。
み,事は,悲しみ,みの,泣く事は悲しみの表現だ。
み,とは,悲しみ,みを,泣くことは悲しみを和らげる。
み,達は,楽しみ,みに,休日を私達は楽しみに待っています。
み,日を,楽しみ,みな,休日を楽しみなさい。
さ,事の,長さ,は１,記事の長さは１０００語を超えてはならない。
み,代の,苦しみ,みは,機械時代の苦しみは機械そのものに起因するのではない。
さ,,嬉しさ,さの,嬉しさのあまりとび上がった。
み,びは,悲しみ,みと,喜びは悲しみと混じり合った。
み,語は,悲しみ,みで,喜びの反意語は悲しみです。
み,より,悲しみ,みに,喜びに同情するより悲しみに同情するほうが容易だ。
さ,ちの,騒がしさ,しさ,丸田さんたちの騒がしさにはほんとうに嫌気がさした。
さ,わる,醜さ,を露,間近から見ると、ものごとはその欠点や本来備わる醜さを露わにする傾向がある。
み,のを,楽しみ,みに,間もなくお会いできるのを楽しみにしています。
み,のを,楽しみ,みに,間もなくお会いするのを楽しみにしています。
さ,礼儀,正しさ,さの,観光客の服装は地元の礼儀正しさの基準にかなっていない。
さ,,寒さ,を感,寒さを感じませんか。
さ,,寒さ,をも,寒さをものともせずに、彼は薄着で外出した。
さ,,寒さ,は平,寒さは平気だが暑さには耐えられない。
さ,だが,暑さ,には,寒さは平気だが暑さには耐えられない。
さ,,寒さ,の後,寒さの後の暖かさで我々はうきうきした。
さ,,寒さ,にす,寒さにすぐに影響される植物もある。
さ,,寒さ,が身,寒さが身にしみる。
さ,,寒さ,がじ,寒さがじきに彼のキルトの上着を貫通して体に伝わってきた。
み,歯が,痛み,ます,噛むとこの歯が痛みます。
み,,楽しみ,みに,楽しみにしております。
み,みを,楽しみ,みに,学生たちはみんな夏休みを楽しみに待っていた。
さ,うな,寒さ,だっ,外は身を切るような寒さだった。
さ,ると,寒さ,でぞ,外に出ると寒さでぞくぞくした。
み,私の,楽しみ,みの,海外旅行は私の楽しみの一つなんです。
み,番の,楽しみ,みだ,海で泳ぐことは私の一番の楽しみだ。
さ,,良さ,れた,改良された医療技術は、宇宙開発計画の副産物として派生したものの一つである。
さ,又延,長さ,れる,会期は又延長されるであろう。
さ,々は,明るさ,さを,我々は明るさを抑えた照明の中でダンスをした。
み,らに,楽しみ,みを,我々は勉強からさらに楽しみを引き出す。
さ,々は,大きさ,さの,我々は大きさの順に本を並べた。
さ,々は,大きさ,さの,我々は大きさの順に並べた。
み,々の,重み,で氷,我々の重みで氷が割れるだろう。
さ,の高,潔さ,を大,我々の市長の高潔さを大いに尊敬している。
み,女の,強み,だ。,歌が彼女の強みだ。
み,とを,楽しみ,みに,家内もお目にかかることを楽しみにしておりますから。
さ,れる,怖さ,を扱,家に一人残される怖さを扱った子供の話がふえている。
み,のが,楽しみ,みで,夏休みに彼の農場に行くのが楽しみでした。
み,のを,楽しみ,みに,夏休みにあなたがおいでになるのを楽しみにしています。
み,暇が,楽しみ,みだ,夏期休暇が楽しみだな。
さ,夏の,暑さ,にも,夏の暑さにももう慣れました。
さ,夏の,暑さ,で花,夏の暑さで花がしおれた。
さ,夏の,暑さ,がや,夏の暑さがやってきた。
み,暇を,楽しみ,みま,夏にはヨーロッパの人たちは長い休暇を楽しみます。
み,ツを,楽しみ,みま,夏には、私たちは野外スポーツを楽しみます。
さ,その,美しさ,さと,何もその美しさとは比較にならない。
さ,いの,大きさ,さに,仮に私たちが月に住むとしたら、地球はどれぐらいの大きさに見えるだろうか。
み,達の,楽しみ,みを,音楽は私達の楽しみを増やしてくれた。
さ,,汚さ,ない,汚さない限り、この本を持ち帰ってもいいですよ。
さ,礼儀,正しさ,さは,英国人の礼儀正しさは、本質的には恐怖感なのだという人がいる。
さ,で勉,強さ,れて,英語は日本で勉強されています。
さ,も勉,強さ,れて,英語は中国でも勉強されています。
さ,で勉,強さ,れて,英語は世界のいたるところで勉強されています。
み,ずが,痛み,ます,右上の親知らずが痛みます。
さ,体が,重さ,を持,引力によって物体が重さを持つようになる。
み,一文,惜しみ,みの,一文惜しみの百知らず。
み,一文,惜しみ,みの,一文惜しみの百失い。
さ,年の,長さ,はほ,一日や一年の長さはほとんど変わらない。
さ,たら,若さ,が取,一体どうしたら若さが取り戻せるのだろう。
み,のを,楽しみ,みに,一緒に働けるのを楽しみにしています。
さ,トの,美しさ,さで,一つは、カーペットの美しさである。
み,者は,痛み,を取,医者は痛みを取り除くため彼に薬を与えた。
み,胃の,痛み,が治,胃の痛みが治まった。
み,胃が,痛み,ます,胃が痛みますか。
み,胃が,痛み,ます,胃が痛みます。
み,人は,痛み,を感,意識不明の人は痛みを感じませんが、その家族や友人にとっては、長く、つらい経験になりうるでしょう。
み,いに,憎み,あっ,委員会の全ての委員がお互いに憎みあっている。
さ,命勉,強さ,せた,伊藤先生は生徒達を一生懸命勉強させた。
み,愛も,悲しみ,みも,愛も悲しみも入り乱れた胸の鼓動が聞こえてくる。
さ,彼の,若さ,を考,われわれは彼の若さを考慮しなければならない。
さ,れは,暑さ,で汗,われわれは暑さで汗をかいていた。
さ,どい,寒さ,に震,われわれは皆ひどい寒さに震えていた。
み,のを,楽しみ,みに,われわれは皆、あなたとあなたの家族に会えるのを楽しみにしています。
さ,川の,深さ,を測,われわれはその川の深さを測った。
さ,いた,容易さ,さに,われわれは、彼がその問題を解いた容易さに驚いた。
さ,た容,易さ,に驚,われわれは、彼がその問題を解いた容易さに驚いた。
み,のを,楽しみ,みに,わたしは彼女から手紙がくるのを楽しみに待っています。
さ,んな,煩わしさ,しさ,ワープロがあれば、こんな煩わしさはなくなるだろう。
さ,ジの,長さ,はど,レインボウブリッジの長さはどのくらいですか。
さ,朝の,静けさ,さを,ライフルの発射音が早朝の静けさを破った。
さ,りの,白さ,は純,ゆりの白さは純潔の象徴だ。
さ,いの,高さ,があ,モンブランはどのくらいの高さがありますか。
さ,棒の,長さ,を測,ものさしでその棒の長さを測りなさい。
み,から,楽しみ,みま,もう私達だけなんだから楽しみましょう。
み,のを,楽しみ,みに,もう一度あなたとお会いできるのを楽しみにしています。
み,のを,楽しみ,みに,もうすぐ君に会えるのを楽しみにしています。
さ,儀の,悪さ,には,もうこれ以上彼の行儀の悪さには我慢できない。
み,恋の,痛み,に堪,もうこの失恋の痛みに堪えることができない。
さ,スの,悪さ,には,もう、あいつのセンスの悪さにはウンザリするよ。
さ,その,重さ,を手,メアリーはその重さを手で量った。
み,をお,楽しみ,み下,みなさま、どうぞ映画をお楽しみ下さい。
み,のを,楽しみ,みに,まもなくまたお目にかかれるのを楽しみにしています。
さ,ルの,深さ,まで,マッコウクジラは、1,000メートルの深さまで潜ることができる。
さ,また,暑さ,がぶ,また暑さがぶり返すそうだ。
み,私も,楽しみ,みに,また集まれたらいいですね。ええ、私も楽しみにしています。
み,しを,楽しみ,みに,またのお越しを楽しみに待っています。
み,とを,楽しみ,みに,またお目にかかれますことを楽しみにしています。
み,のを,楽しみ,みに,またお目にかかるのを楽しみにしています。
み,のを,楽しみ,みに,またお会いできるのを楽しみにしております。
み,のを,楽しみ,みに,またあなたに会えるのを楽しみにしています。
み,のを,楽しみ,みに,またお会いできるのを楽しみにしています。
み,のを,楽しみ,みに,またあなたとお会いできるのを楽しみにしています。
み,職が,明るみ,みに,マスコミがリクルート事件を調査した結果数多くの汚職が明るみに出た。
さ,ドは,重さ,の単,ポンドは重さの単位である。
み,とに,楽しみ,みを,ホラー映画を見ることに楽しみを見いだす人もいる。
み,察に,楽しみ,みを,ボブは昆虫の視察に楽しみを感じている。
さ,器を,はずさ,さな,ぼくはうっかり受話器をはずさないでダイヤルを回した。
み,ちに,親しみ,み以,ペットは私たちに親しみ以上のものを与えてくれる。
み,スは,悲しみ,みを,ベスがその貴重な時計を見付けられないと知って、クリスは悲しみを隠せませんでした。
み,から,楽しみ,みだ,プレステ２が来年の３月に発売されるそうだけど、今から楽しみだね。
み,トを,楽しみ,みに,フランクは夕方のデートを楽しみに待っていた。
み,にも,弱み,に付,ビルは不当にも弱みに付け込まれた。
み,って,明るみ,みに,ピラミッドの秘密は科学によって明るみに出された。
み,どい,痛み,があ,ひどい痛みがあるのです。
さ,どい,寒さ,で手,ひどい寒さで手がかじかんで使えなくなった。
さ,背の,高さ,は強,バレーボールをするときは彼の背の高さは強みだ。
み,さは,強み,だ。,バレーボールをするときは彼の背の高さは強みだ。
さ,飴が,暑さ,でク,バッグの中に入っていた飴が暑さでクニャクニャになっていた。
さ,、社,長さ,んと,はい、社長さんと話しました。
み,ーが,楽しみ,みだ,パーティーが楽しみだ。
さ,れば,熱さ,を忘,のど元過ぎれば熱さを忘れる。
さ,同じ,大きさ,さだ,ニューヨーク州はギリシャとほぼ同じ大きさだ。
み,結局,明るみ,みに,ニクソンはウォーターゲート事件に関し、黙秘権を行使して無視しようとしたが、結局明るみにでた。
さ,なか,良さ,そう,なかなか良さそうな提案だ。
み,深い,悲しみ,みを,どんな言葉も彼女の深い悲しみを和らげることはできない。
み,深い,悲しみ,みを,どんな言葉も彼女の深い悲しみを消す事はできない。
さ,まで,長さ,があ,ドレスはヒザまで長さがある。
み,出に,はずみ,みを,ドル安は輸出にはずみをつけています。
さ,背の,高さ,だ。,トムはお父さんと同じぐらいの背の高さだ。
さ,。す,わりなさ,なさ,「トム。すわりなさい。」「わかりました。」
み,には,悲しみ,みが,どのバラにもとげがあるように人生には悲しみがある。
さ,背の,高さ,があ,どのくらい背の高さがありますか。
さ,きる,明るさ,さで,とても読書できる明るさではなかった。
み,この,痛み,を取,どうか私のこの痛みを取り除いて下さい。
み,いう,はずみ,みで,どういうはずみでここに来たのか自分でもわからない。
み,話の,楽しみ,みを,テレビは私たちから家庭での夕食時の会話の楽しみを奪ってしまった。
み,とを,楽しみ,みに,テッドは卒業旅行に行くことを楽しみにしています。
み,生を,楽しみ,みな,できるあいだに人生を楽しみなさい。
さ,倍の,広さ,があ,テキサスは日本のほぼ２倍の広さがある。
み,って,楽しみ,みだ,ダンスは私にとって楽しみだ。
み,全な,楽しみ,みを,たまには外へ出て健全な楽しみを味わって下さい。
み,いぶ,痛み,がな,だいぶ痛みがなくなりました。
み,生の,楽しみ,みを,それらは人生の楽しみを増やしてくれた。
さ,同じ,大きさ,さだ,それらはみな同じ大きさだ。
さ,いの,大きさ,さだ,それらはだいたい同じくらいの大きさだ。
さ,ろな,大きさ,さに,それらはいろいろな大きさに作られている。
さ,らの,大きさ,さは,それらの大きさはほとんど同じです。
さ,同じ,高さ,であ,それらの新築の家はみな同じ高さである。
さ,どの,大きさ,さで,それは卵ほどの大きさである。
さ,いの,大きさ,さで,それは卵くらいの大きさです。
さ,いの,大きさ,さだ,それは卵ぐらいの大きさだった。
さ,れは,長さ,３０,それは長さ３０メートルです。
み,れは,楽しみ,みで,それは楽しみです。
さ,愛の,深さ,を示,それは家族に対する彼の愛の深さを示している。
さ,ｍの,厚さ,です,それは４ｃｍの厚さです。
さ,きの,楽しさ,さが,それは、いくぶんナンセンスな趣きの楽しさがあった。
さ,れの,高さ,はい,それの高さはいくらですか。
み,をお,楽しみ,みく,それでは音楽をお楽しみください。
さ,その,良さ,がわ,その良さがわからぬばかではない。
み,せぬ,楽しみ,みを,その旅は私たちに尽きせぬ楽しみを与えてくれた。
み,私の,痛み,がす,その薬で私の痛みがすぐにとれたのには驚いた。
さ,では,寒さ,に震,その夜、彼女はテントの中では寒さに震えた。
さ,同じ,高さ,です,その木は屋根と同じ高さです。
さ,いの,高さ,だ。,その木は屋根と同じぐらいの高さだ。
さ,本を,汚さ,ない,その本を汚さないように扱ってくれるなら、貸してあげるよ。
さ,ーの,広さ,だ。,その牧場は１０エーカーの広さだ。
さ,ドの,長さ,です,その壁は３０ヤードの長さです。
さ,いの,長さ,です,その物語はそのくらいの長さですか。
さ,景の,美しさ,さは,その風景の美しさは筆舌に尽くしがたかった。
さ,屋の,大きさ,さは,その部屋の大きさはどれぐらいですか。
み,どの,痛み,です,その病気の初期症状は高熱とのどの痛みです。
さ,その,美しさ,さを,その美しさを言葉では描写できない。
さ,その,美しさ,さは,その美しさは言葉では表現できない。
さ,その,美しさ,さは,その美しさは言葉では言い表せない。
さ,板は,長さ,約２,その板は長さ約２メートルだ。
さ,板は,重さ,に堪,その板は重さに堪えるに十分な強度がある。
さ,板の,長さ,は約,その板の長さは約２メートルだ。
さ,板の,厚さ,はど,その板の厚さはどのくらいですか。
さ,どい,寒さ,だっ,その年の冬北ヨーロッパはひどい寒さだったので、多くの人々が凍死したそうです。
さ,出の,美しさ,さは,その日の出の美しさは言葉で表わせないほどだった。
さ,然の,美しさ,さに,その島を訪れるたびに、私は自然の美しさに感銘を受けた。
さ,塔は,高さ,が２,その塔は高さが２２０メートルもある。
さ,塔の,高さ,は１,その塔の高さは１００メートル以上ある。
さ,ルの,高さ,だ。,その塔は３２１メートルの高さだ。
み,その,痛み,はか,その痛みはかれには我慢できないものだった。
み,その,痛み,に耐,その痛みに耐えるさまざまな方法がある。
さ,分の,大きさ,さだ,その鳥は鷲の半分の大きさだった。
さ,分の,大きさ,さし,その鳥は鷹の半分の大きさしかなかった。
さ,その,長さ,を測,その長さを測れますか。
さ,その,長さ,と横,その長さと横幅を１０で割りなさい。
さ,ルの,深さ,です,その池は３メートルの深さです。
み,心は,悲しみ,みで,その知らせを聞いて彼女の心は悲しみでいっぱいになった。
さ,女は,嬉しさ,さの,その知らせが本当だと知ったとたん、彼女は嬉しさの余り泣かないではいられなかった。
さ,その,大きさ,さで,その大きさで十分ですか。
さ,分の,強さ,も弱,その戦士は自分の強さも弱さも分かっている。
さ,さも,弱さ,も分,その戦士は自分の強さも弱さも分かっている。
さ,半の,長さ,であ,その川はテムズ川の約１倍半の長さである。
み,実が,明るみ,みに,その真実が明るみに出た。
み,女は,悲しみ,みで,その少女は悲しみで胸をいっぱいにして、彼の目を見つめた。
さ,包は,重さ,が１,その小包は重さが１ポンドを越える。
さ,性の,美しさ,さは,その女性の美しさはあらゆる人に賞賛された。
み,には,悲しみ,みの,その女性の顔には悲しみの跡があった。
さ,その,暑さ,で気,その暑さで気絶して、気がついたら救命いかだの中にいた。
み,変な,痛み,が伴,その手術には大変な痛みが伴う。
み,件は,明るみ,みに,その事件は明るみに出た。
み,から,楽しみ,みに,その試合はみんなから楽しみに待たれていた。
さ,背の,高さ,が同,その子は父親と背の高さが同じである。
み,事は,苦しみ,みそ,その仕事は苦しみそのものだった。
さ,いの,高さ,です,その山はどれくらいの高さですか。
さ,は、,高さ,３，,この山は、高さ３，０００メートルです。
さ,倍の,広さ,です,その国は日本の約２倍の広さです。
さ,倍の,大きさ,さで,その国はイングランドの二倍の大きさである。
さ,国の,美しさ,さは,その国の美しさは言葉に表現できないほどである。
さ,国の,美しさ,さは,その国の美しさは言葉に表現できないくらいだ。
さ,国の,美しさ,さは,その国の美しさは言葉で表現できないほどである。
み,いが,明るみ,みに,その行いが明るみに出ることを恐れて、光の方に来ない。
さ,品の,良さ,が分,その後援者は本物の骨董品の良さが分かる。
さ,湖の,美しさ,さは,その湖の美しさは言葉に表せない。
さ,湖の,美しさ,さは,その湖の美しさは言葉では言い表せないほどであった。
さ,湖の,美しさ,さは,その湖の美しさはとても言葉では言い表せなかった。
さ,湖の,深さ,はど,その湖の深さはどのくらいですか。
み,とに,楽しみ,みを,その孤独な男は蟻を観察することに楽しみを感じる。
み,幸に,悲しみ,みの,その孤児は自分の不幸に悲しみの涙を流した。
み,幸に,悲しみ,みの,その孤児は自分の不幸に悲しみの涙をこぼした。
さ,色の,美しさ,さは,その景色の美しさは筆舌に尽くしがたい。
さ,色の,美しさ,さは,その景色の美しさは言葉では表現できなかった。
さ,色の,美しさ,さは,その景色の美しさは言葉では言い表せない。
み,弟は,憎み,あっ,その兄弟は憎みあっている。
さ,段の,高さ,には,その靴の値段の高さには驚かされた。
さ,橋は,長さ,が１,その橋は長さが１００メートルある。
さ,いの,長さ,です,その橋はどれくらいの長さですか。
さ,橋の,長さ,は約,その橋の長さは約１マイルである。
さ,その,恐ろしさ,しさ,その恐ろしさは名状し難い。
み,つも,楽しみ,みに,その学生は夏休みが来るのをいつも楽しみにしていた。
さ,社の,強さ,は未,その会社の強さは未来志向の戦略によって生みだされている。
み,ちの,楽しみ,みを,その音楽は私たちの楽しみを増した。
さ,楽の,美しさ,さは,その音楽の美しさはハーモニーにある。
さ,箱の,大きさ,さし,そのラジオはマッチ箱の大きさしかない。
み,ルは,悲しみ,みの,そのニュースを聞いた時、ニコルは悲しみのあまり我を忘れた。
さ,とか,なるさ,さ。,そのうち何とかなるさ。
さ,山は,高さ,が同,その２つの山は高さが同じだ。
み,前の,強み,だよ,そこがお前の強みだよ。
さ,ルは,長さ,の単,センチメートルは長さの単位だ。
さ,夜の,涼しさ,さの,スペイン人は夜の涼しさの中を散歩するのが大好きだ。
さ,業の,強さ,につ,スピーチの中で、彼は企業の強さについて言及した。
さ,達の,楽しさ,さを,すばらしい天気は私達の楽しさを増した。
み,ごく,痛み,ます,すごく痛みますか。
み,のを,楽しみ,みに,すぐに連絡をいただけるのを楽しみにしています。
み,のを,楽しみ,みに,すぐにまたあなたに会えるのを楽しみにしています。
み,ぐに,痛み,はと,すぐに痛みはとれます。
さ,この,寒さ,には,シンディ、この部屋にいると凍えそうだ。この寒さには耐えられないよ。
み,ルの,弱み,に付,ジョンはビルの弱みに付け込んだ。
さ,た、,重さ,３０,ジョージは、最近３時間の格闘の末に釣った、重さ３０ポンドのバスの話をしていた。
み,使う,楽しみ,みに,したがって、あなたはお金を自由に使う楽しみにふけることはできない。
み,のを,楽しみ,みに,じきにあなたから便りがあるのを楽しみにしています。
み,スの,悲しみ,みに,しかしながら、ベスはクリスの悲しみに無関心なようです。
さ,った,大きさ,さや,しかし、彼は違った大きさや色の木製の留めくぎを見たことはあるかもしれない。
み,ンは,悲しみ,みを,ジェーンは悲しみを笑い飛ばした。
さ,雪の,美しさ,さを,ジェーンは雪の美しさを説明できませんでした。
さ,ず改,良さ,れて,コンピューターはたえず改良されている。
さ,んな,寒さ,は１,こんな寒さは１０年ぶりだ。
さ,んな,寒さ,の中,こんな寒さの中、泳ぐなんてばかげている。
さ,で補,強さ,れる,コンクリートは中に鋼鉄の棒を入れる事で補強される。
さ,この,暑さ,には,これ以上この暑さには我慢できない。
さ,包の,重さ,は平,これらの小包の重さは平均すると２ポンドです。
さ,靴は,大きさ,さは,これらの靴は大きさは違うが形は違わない。
さ,前の,静けさ,さだ,これは嵐の前の静けさだ。
さ,礼儀,正しさ,さと,これは日本の礼儀正しさとアメリカの礼儀正しさとの間の違いによるものです。
さ,トの,深さ,の所,これは永久に凍っている地層であり、それが何フィートの深さの所もある。
さ,倍の,大きさ,さが,これはあれの２倍の大きさがある。
さ,同じ,長さ,です,これとあれは同じ長さです。
さ,いの,大きさ,さの,これくらいの大きさの箱がいる。
さ,階の,重さ,に耐,この梁は２階の重さに耐えられないだろう。
み,めば,痛み,は軽,この薬を飲めば痛みは軽くなるでしょう。
み,めば,痛み,が和,この薬を飲めば痛みが和らぐでしょう。
み,めば,痛み,が少,この薬を飲めば痛みが少し治まりますよ。
み,むと,痛み,がや,この薬を飲むと痛みがやわらぐよ。
さ,木と,高さ,がほ,この木はあの木と高さがほとんど同じだ。
さ,同じ,高さ,だ。,この木はあの木とほぼ同じ高さだ。
さ,同じ,高さ,だ。,この木のてっぺんは垣と同じ高さだ。
さ,この,明るさ,さで,この明るさで絞りはどのくらいですか。
さ,本は,面白さ,さの,この本は面白さの点ではあの本にまさるとも劣らない。
さ,は面,白さ,の点,この本は面白さの点ではあの本にまさるとも劣らない。
さ,度の,難しさ,さだ,この本は私が理解できない程度の難しさだ。
さ,この,寒さ,はた,この部屋は凍えるよ、シンディー。この寒さはたえられないよ。
さ,分な,広さ,だ。,この部屋はほぼ十分な広さだ。
さ,倍の,大きさ,さだ,この箱はあの箱の２倍の大きさだ。
さ,倍の,大きさ,さで,この箱はあの箱の３倍の大きさです。
さ,冬は,寒さ,が厳,この冬は寒さが厳しかった。
さ,りの,寒さ,だっ,この冬は２０年ぶりの寒さだった。
さ,りの,寒さ,だそ,この冬は１０年ぶりの寒さだそうです。
み,のを,楽しみ,みに,この冬あなたの国を訪問するのを楽しみにしています。
さ,庭の,美しさ,さは,この庭の美しさは自然より人工のおかげだ。
み,この,痛み,は我,この痛みは我慢できない。
み,この,痛み,をや,この痛みをやわらげる薬が何かほしい。
み,この,痛み,には,この痛みにはこれ以上我慢できないよ。
さ,この,長さ,はど,この長さはどれくらいですか。
さ,船の,長さ,は３,この船の長さは３０メートルだ。
さ,川は,長さ,５０,この川は長さ５００マイルです。
さ,１の,長さ,であ,この川は信濃川の３分の１の長さである。
さ,倍の,重さ,だ。,この石はあの石の２倍の重さだ。
さ,ンの,重さ,があ,この石は５トンの重さがある。
さ,この,暑さ,の中,この暑さの中帽子なしで外出してはいけません。
さ,この,暑さ,では,この暑さでは勉強する気がしない。
さ,この,暑さ,では,この暑さでは草は茶色になるだろう。
さ,この,暑さ,では,この暑さでは上着を着ていられない。
み,もお,楽しみ,みく,この重要な７月のＤＣＡ会議にご出席いただき、さらにご宿泊中に東京の多様な魅力もお楽しみくださるよう希望しています。
さ,この,重さ,を量,この重さを量ってもらえませんか。
さ,この,若さ,で国,この若さで国際大会で優勝するなんて、まさに前途洋洋ですね。
さ,会が,若さ,とい,この社会が若さということにそのような感情的特権を付与するというのは誤解を引き起こしやすいと思う。
さ,書は,大きさ,さが,この辞書は大きさが手ごろだ。
さ,と非,難さ,れた,この市の市長は市民の要請にみみを貸さないと非難された。
み,に骨,惜しみ,みを,この仕事に骨惜しみをしてはいけない。
さ,山の,高さ,はど,この山の高さはどのくらいですか。
さ,湖の,深さ,はど,この湖の深さはどれくらいですか。
さ,同じ,大きさ,さだ,この靴は同じ大きさだ。
さ,空の,暗さ,では,この空の暗さでは雨になる。
さ,橋の,長さ,はど,この橋の長さはどのくらいありますか。
さ,橋は,重さ,１０,この橋は重さ１０トンしか支えられません。
さ,いの,長さ,です,この橋はどれぐらいの長さですか。
さ,より,長さ,が２,この橋はあの橋より長さが２倍だ。
さ,半の,長さ,があ,この橋はあの橋の一倍半の長さがある。
さ,橋の,長さ,はい,この橋の長さはいくらぐらいですか。
さ,確な,長さ,は知,この橋の正確な長さは知らない。
さ,般の,大きさ,さか,この教会は、教会一般の大きさからすると、大きなものではない。
さ,せて,高さ,が調,この机は子供たちに合わせて高さが調節できる。
さ,この,寒さ,は我,この寒さは我慢出来ないな。
さ,この,寒さ,は５,この寒さは５０年ぶりのひどさでした。
さ,この,寒さ,には,この寒さには参った。
さ,この,寒さ,には,この寒さにはもう耐えられない。
さ,線の,細さ,じゃ,この回線の細さじゃ、動画は見られないよ。
さ,上の,重さ,だ。,この荷物はあの荷物の３倍以上の重さだ。
さ,分な,広さ,だ。,この家はあなたの家族が住むのには十分な広さだ。
さ,高の,暑さ,だ。,この夏最高の暑さだ。
さ,りの,暑さ,にな,この夏は３６年ぶりの暑さになるようだ。
さ,倍の,長さ,があ,このトンネルはあのトンネルの２倍の長さがある。
み,一つ,深み,に欠,このドラマは単純な勧善懲悪もので、今一つ深みに欠けて物足りない。
さ,同じ,大きさ,さで,このテーブルはうちのとちょうど同じ大きさです。
さ,倍の,広さ,だ。,このスイートルームは私の住んでいるマンションの三倍の広さだ。
さ,ルは,強さ,と高,このシンボルは強さと高潔さを表す。
さ,と高,潔さ,を表,このシンボルは強さと高潔さを表す。
さ,どの,大きさ,さで,このじゅうたんは床全体に敷けるほどの大きさである。
さ,んの,大きさ,さは,このじゅうたんの大きさは縦１２０センチ横１６０センチだ。
み,めが,痛み,ます,このうおのめが痛みます。
み,のを,楽しみ,みに,この４月に会えるのを楽しみにしています。
さ,ころ,寒さ,が長,ここのところ寒さが長く続いている。
み,性の,痛み,があ,ここに慢性の痛みがあります。
み,ない,痛み,があ,ここに絶え間ない痛みがあります。
み,うな,痛み,があ,ここに焼けるような痛みがあります。
み,性の,痛み,があ,ここに急性の痛みがあります。
み,鋭い,痛み,があ,ここに鋭い痛みがあります。
み,する,痛み,があ,ここにひりひりする痛みがあります。
み,した,痛み,があ,ここにちょっとした痛みがあります。
み,こい,痛み,があ,ここにしつこい痛みがあります。
み,ても,親しみ,みや,ここであなたに応対する人たちはとても親しみやすい人たちです。
み,方は,深み,に欠,ここだけの話だが彼の考え方は深みに欠ける。
み,どく,痛み,ます,ここがひどく痛みます。
み,ちく,痛み,ます,ここがちくちく痛みます。
み,ずき,痛み,ます,ここがずきずき痛みます。
み,しく,痛み,ます,ここがしくしく痛みます。
み,た後,痛み,で泣,けが人は麻酔から覚めた後痛みで泣きわめいた。
さ,が、,高さ,が怖,ケーブルカーに乗りたいが、高さが怖い。
み,のを,楽しみ,みに,クリスマスにお会い出来るのを楽しみにしています。
さ,感の,無さ,には,クララの責任感の無さには頭に来る。
さ,は、,恐ろしさ,しさ,かわいそうなその少年達は、恐ろしさに震えていた。
さ,って,憎さ,百倍,かわいさ余って憎さ百倍。
さ,いの,広さ,だ。,カリフォルニアは日本と同じくらいの広さだ。
さ,た丁,重さ,であ,がまんするのが難しいのは彼の度を超した丁重さである。
み,のを,楽しみ,みに,カタログが届くのを楽しみにしています。
み,のを,楽しみ,みに,お目にかかれるのを楽しみにお待ちしております。
み,のを,楽しみ,みに,お目にかかるのを楽しみにしていました。
み,便り,楽しみ,みに,お便り楽しみにお待ちしております。
み,りを,楽しみ,みに,お便りを楽しみにしています。
み,のを,楽しみ,みに,お返事頂けるのを楽しみにしております。
み,胃が,痛み,ます,お腹が一杯になると胃が痛みます。
み,胃が,痛み,ます,お腹がすくと胃が痛みます。
さ,前の,美しさ,さに,お前の美しさに青ざめる。
み,紙を,楽しみ,みに,お手紙を楽しみにまっています。
み,いに,憎み,合っ,お互いに憎み合っているというわけか。
み,ば、,楽しみ,みで,お金のために本を書く人もいれば、楽しみで書く人もいる。
み,,楽しみ,みな,お楽しみなのですね。
み,とを,楽しみ,みに,お会いできることを楽しみにしています。
み,のを,楽しみ,みに,お会いするのを楽しみにしています。
さ,倍の,大きさ,さで,オーストラリアは日本のほぼ２０倍の大きさです。
さ,ルの,高さ,はど,エンパイアステートビルの高さはどのくらいですか。
さ,トの,高さ,はど,エヴェレストの高さはどのくらい？
さ,分な,広さ,がな,え～と、僕の家では十分な広さがないな。
さ,どの,狭さ,なん,うちの庭は猫の額ほどの狭さなんですよ。
み,から,痛み,だし,いつから痛みだしましたか。
み,のが,楽しみ,みだ,いくらか自由時間があるときは、いつもクラシック音楽を聴くのが楽しみだ。
さ,物は,寒さ,に順,ある種の植物は寒さに順応できない。
さ,,グロさ,さん,レグロさんはアルファベットを逆から言えます。
さ,スは,恥ずかしさ,かし,アリスは恥ずかしさで首をたれた。
み,大変,親しみ,みや,アメリカ人は大変親しみやすい。
み,のが,楽しみ,みで,アメリカで書店巡りをするのが楽しみです。
さ,りの,怖さ,に彼,あまりの怖さに彼女は目を閉じた。
さ,りの,暑さ,に我,あまりの暑さに我々は長く歩けなかった。
さ,いの,高さ,です,あの塔はどのくらいの高さですか。
さ,ちは,若さ,があ,あの少年たちは若さがあふれんばかりだ。
み,全に,痛み,がな,あの事故のあと、彼女が完全に痛みがなくなることはなかった。
さ,いの,高さ,があ,あの山はどれくらいの高さがありますか。
さ,ルの,高さ,です,あの山の約３、０００メートルの高さです。
さ,倍の,高さ,であ,あの山はこの山の５倍の高さである。
さ,山の,高さ,はど,あの山の高さはどれくらいですか。
み,私は,憎み,あっ,あの頃私は憎みあっていた。
さ,倍の,大きさ,さで,あの国は日本の５倍の大きさです。
さ,倍の,大きさ,さだ,あの犬はこの犬のちょうど二倍の大きさだ。
さ,いの,長さ,です,あの橋はどのくらいの長さですか。
さ,分の,長さ,であ,あの橋はこの橋の半分の長さである。
み,達は,憎み,合っ,あの頃、私達は憎み合っていた。
さ,その,美しさ,さに,あなたは必ずその美しさに感動するだろう。
さ,背の,高さ,です,あなたは私の姉と同じ背の高さです。
さ,事の,難しさ,さが,あなたは私の仕事の難しさがわかっていますか。
さ,背の,高さ,です,あなたはどれくらいの背の高さですか。
み,物の,楽しみ,み方,あなたはすぐにそこの食べ物や飲み物の楽しみ方がわかってくるでしょう。
さ,から,はずさ,され,あなたの名前はリストからはずされた。
み,のを,楽しみ,みに,あなたのお父上にお会いするのを楽しみにしています。
み,のが,楽しみ,みで,あなたの町へ今度旅行する際、あなたにお会いするのが楽しみです。
み,私は,楽しみ,みに,あなたの手紙を私は楽しみに待っています。
さ,倍の,大きさ,さで,あなたの車はこの車の３倍の大きさです。
み,のを,楽しみ,みに,あなたの学校を訪問するのを楽しみにしています。
み,を皆,楽しみ,みに,あなたの家族に会えるのを皆楽しみにしています。
み,親切,痛み,入り,あなたのご親切痛み入ります。
み,りを,楽しみ,みに,あなたのお便りを楽しみにしています。
み,日を,楽しみ,みに,あなたに会える日を楽しみにしています。
み,のを,楽しみ,みに,あなたに会うのを楽しみにしています。
み,とを,楽しみ,みに,あなたにまもなく会えることを楽しみにしてます。
み,とを,楽しみ,みに,あなたにまもなくお会いできることを楽しみにしています。
み,りを,楽しみ,みに,あなたにお会いできてよかったです。お便りを楽しみにしています。
み,のを,楽しみ,みに,あなたにお会いするのを楽しみにしています。
み,とを,楽しみ,みに,あなたと文通することを楽しみにしています。
み,とを,楽しみ,みに,あなたと御家族にお会いできることを楽しみにしております。
み,のを,楽しみ,みに,あなたが来た時出会えるのを楽しみにしている。
み,のを,楽しみ,みに,あなたが近いうちにいらっしゃるのを楽しみにしております。
み,何を,楽しみ,みに,あなたが何を楽しみにしているのか私に教えて下さい。
み,りを,楽しみ,みに,あなたからのお便りを楽しみにまっています。
み,とを,楽しみ,みに,あなたからすぐに返事がもらえることを楽しみにしています。
さ,倍の,大きさ,さで,アジアはヨーロッパのほぼ４倍の大きさである。
さ,Ｑの,低さ,の原,ＩＱの低さの原因を人種に求めるという議論を論駁するどころか、リンのデータはそれを事実上補強することになっている。
さ,倍の,長さ,があ,ＡはＢの５倍の長さがある。
み,いに,憎み,合っ,３人はお互いに憎み合っていた。
さ,週間,寒さ,が続,３週間寒さが続いた。
さ,いの,長さ,だっ,２番目の文もちょうど同じくらいの長さだった。
み,足が,痛み,まし,１日が終わると背中が疲れ、足が痛みました。
み,人の,他み,んな,１人の他みんな出席した。
さ,りの,寒さ,だそ,１月は暖かいだろうと思っていたが、この冬は２０年ぶりの寒さだそうだ。
さ,とが,弱さ,の印,１９世紀末でも、イギリス海軍の船員は、そうすることが弱さの印だという理由で、ナイフとフォークを使うことを許されていなかった。
さ,ても,暑さ,がぶ,１０月になっても暑さがぶり返してくることがありますよ。
み,婦は,悲しみ,みの,「それがね、お母さん」主婦は悲しみの涙を流しながら言った。
み,いが,明るみ,みに,悪いことをするものは光を憎み、その行いが明るみに出ることを恐れて、光の方に来ない。
み,光を,憎み,、そ,悪いことをするものは光を憎み、その行いが明るみに出ることを恐れて、光の方に来ない。
さ,家の,広さ,はど,この家の広さはどのくらいありますか。
さ,味の,良さ,の比,コスタリカの乾季オタマジャクシの味の良さの比較が彼によって行われた。
み,かを,怪しみ,み、,アメリカでは、すべてが可能であることを疑い、我々の開拓者の頃の夢が現代に生きているかを怪しみ、民主主義の力に疑問を呈する人がまだいるなら、今夜がその答えだ。
さ,らの,強さ,を育,それは、無関心層の神話を拒否した若者-家と家族から離れ、賃金が安く、睡眠時間も短い仕事をする-からの強さを育てた。
さ,らの,強さ,を描,焼けるような暑さ、ひどい寒さに耐えまったく見知らぬ人にドアをノックししたそれほど若くない人から、自発的に組織され、「人民の、人民による、人民のため政治」が決して地球上に消え去ってないことを二世紀以上後に証明した何百万人ものアメリカ人からの強さを描いた。
さ,どい,寒さ,に耐,焼けるような暑さ、ひどい寒さに耐えまったく見知らぬ人にドアをノックししたそれほど若くない人から、自発的に組織され、「人民の、人民による、人民のため政治」が決して地球上に消え去ってないことを二世紀以上後に証明した何百万人ものアメリカ人からの強さを描いた。
さ,うな,暑さ,、ひ,焼けるような暑さ、ひどい寒さに耐えまったく見知らぬ人にドアをノックししたそれほど若くない人から、自発的に組織され、「人民の、人民による、人民のため政治」が決して地球上に消え去ってないことを二世紀以上後に証明した何百万人ものアメリカ人からの強さを描いた。
さ,真の,強さ,は軍,アメリカの光がまだ輝きとして燃えているどうかを疑う人へ、今夜、我々の国の真の強さは軍隊の力や富の規模からではなく、民主主義、自由、機会、不屈の希望といった我々の理想への揺るぎない力から来るともう一度証明した。
み,す、,楽しみ,み。,後で見て見ます、楽しみ。
さ,つく,寒さ,と焼,あるいはそれほど若くない人たちから。凍てつく寒さと焼け付く暑さにもひるまず、家から家へと赤の他人のドアをノックしてくれた人たちから力を得ました。ボランティアとなって組織を作って活動した、何百万人というアメリカ人から力を得ました。建国から200年以上たった今でも、人民の人民による人民のための政府はこの地上から消え去ってはいないのだと証明してくれた、そういう人たちから力を得たのです。
さ,付く,暑さ,にも,あるいはそれほど若くない人たちから。凍てつく寒さと焼け付く暑さにもひるまず、家から家へと赤の他人のドアをノックしてくれた人たちから力を得ました。ボランティアとなって組織を作って活動した、何百万人というアメリカ人から力を得ました。建国から200年以上たった今でも、人民の人民による人民のための政府はこの地上から消え去ってはいないのだと証明してくれた、そういう人たちから力を得たのです。
さ,国の,素晴らしさ,らし,それこそが、アメリカと言う国の素晴らしさです。アメリカは変われるという、まさにそれこそが。私たちのこの連邦は、まだまださらに完璧に近づくことができる。私たちがこれまで達成してきたことを見れば、これから先さらに何ができるか、何をしなくてはならないかについて、希望を抱くことができるのです。
み,どの,悲しみ,み、,さらに私は今晩、アメリカで生きた100年以上の間にクーパーさんが目にした、ありとあらゆる出来事を思っています。心を破られるほどの悲しみ、そして希望。困難と、そして進歩。そんなことはできないと言われ続けたこと。にもかかわらず、ひたむきに前進し続けた人たちのこと。あのいかにもアメリカ的な信条を掲げて。Yes we can。私たちにはできる、と。
み,,楽しみ,みの,楽しみのない生活は嫌です！
み,恋の,悲しみ,みを,恋の悲しみを知らぬものに恋の味は話せない。
み,月に,明るみ,みに,ロッキード事件とは、アメリカの航空機製造大手のロッキード社による、主に同社の旅客機の受注をめぐって1976年2 月に明るみに出た世界的な大規模汚職事件。
さ,と堅,固さ,をお,神よ、私に貞潔さと堅固さをおあたえください。ですが、いますぐにではなく。
さ,に貞,潔さ,と堅,神よ、私に貞潔さと堅固さをおあたえください。ですが、いますぐにではなく。
さ,膚の,深さ,分の,綺麗だってことは皮膚の深さ分のことだけだ。
さ,ど、,暑さ,にた,夏好きだけど、暑さにたえられない。
さ,顔の,美しさ,さに,彼女の顔の美しさに、僕はただ見とれていた。
み,酌が,楽しみ,みな,主人は晩酌が楽しみなので、発泡酒を６缶以上は空けていますし、日本酒の燗が５本も６本も空いていて、たまに休肝日ということで飲まない日もあるのですが２日以上続いたことはありません。
み,こが,痛み,ます,どこが痛みますか。
さ,周の,長さ,の求,円周の長さの求め方ってどうでしたっけ？忘れました。
さ,ジが,汚さ,れた,写真が暴露された後で女優の清純なイメージが汚された。
み,いを,憎み,合う,すべての人間は自然に互いを憎み合う。
さ,,深さ,は男,毛深さは男らしさの象徴だと思っているので大好きです。
さ,,毛深さ,さは,毛深さは男らしさの象徴だと思っているので大好きです。
さ,花の,美しさ,さを,ぽかんと花を眺めながら、人間も、本当によいところがある、と思った。花の美しさを見つけたのは、人間だし、花を愛するのも人間だもの。
さ,日に,美しさ,さを,彼女は日に日に美しさを増す。
み,りと,赤み,を帯,湯あがりの化粧をした顔には、ほんのりと赤みを帯びて、見ちがえるほど美しかった。
さ,的な,美しさ,さが,庭園の芸術的な美しさが素晴らしいです。
さ,閣の,美しさ,さは,雪に包まれた金閣の美しさは、比べるものがなかった。
み,のは,楽しみ,みで,古い日記を見るのは楽しみですわ。
さ,この,大きさ,さを,この大きさを超える犬はいない。
み,彼は,痛み,と哀,彼は痛みと哀憐があった。
さ,志の,強さ,を試,これだと信じて歩いていると、色々な苦難にぶつかり、志の強さを試されているのです。
さ,この,暑さ,のな,この暑さのなか、仕事をしていると思わずそちらに行ってしまいそうになる瞬間があります。
み,変、,親しみ,みと,私たち、日本に住む日本人も、ブラジルには大変、親しみと興味を持っています。
み,のを,楽しみ,みに,綾子さんの日記をまた読むのを楽しみにしている。
さ,読む,楽しさ,さを,本を読む楽しさを知らないということが人生の最大の損失だ。
さ,波の,高さ,が3,東日本大震災で、津波の高さが37.9メートルにまで達していた。
み,彼に,親しみ,みを,私は彼に親しみを込めた返事を書いた。
さ,,暗さ,がも,暗さがもっとも増すときに、人々は星を見る。
さ,窓の,高さ,まで,洪水は窓の高さまで押し寄せた。
さ,同じ,重さ,です,赤いボールは白いボールと同じ重さです。
み,出た,悲しみ,みは,顔に出た悲しみは、心にある汚点に勝る。
み,客は,惜しみ,みな,ふたりの息の合った演奏に、観客は惜しみない拍手を送った。
さ,夏の,暑さ,が嫌,私の父は夏の暑さが嫌いだ。
さ,腕の,温かさ,さを,彼の腕の温かさを思い出す。
み,,痛み,なく,痛みなくして得るものなし。
さ,頃、,悪さ,をす,子どもの頃、悪さをするといつも尻を叩かれた。
さ,の素,早さ,はヒ,トムの素早さはヒョウ並だ。
さ,ムの,素早さ,さは,トムの素早さはヒョウ並だ。
さ,その,難しさ,さを,その難しさを君にわかってもらえるとは思えない。
み,のを,楽しみ,みに,あなたのお父様にお会いできるのを楽しみにしています。
さ,棋の,面白さ,さが,プロの将棋の面白さがやっとわかるようになって来た。
さ,の面,白さ,がや,プロの将棋の面白さがやっとわかるようになって来た。
み,胃の,痛み,が治,少し横になったからか、胃の痛みが治まってきたよ。
み,ツに,親しみ,み、,体育の日は10月の第2月曜日です。スポーツに親しみ、健康な心身を培うための日です。
み,首に,痛み,を感,今日、起きたら首に痛みを感じました。
さ,スの,重さ,はど,あなたのスーツケースの重さはどれぐらいですか？
み,のを,楽しみ,みに,私たち全員、あなたに会うのを楽しみにしています。
み,人の,弱み,に付,他人の弱みに付け込んではいけない。
さ,通の,甘さ,のチ,普通の甘さのチョコレートを細かく砕きます。
さ,頃、,悪さ,をす,子どもの頃、悪さをするといつもお尻を叩かれた。
さ,達の,早さ,には,彼の英語の上達の早さには驚いている。
み,,痛み,があ,痛みがあるのにも関わらず、彼は平静を装った。
さ,ら非,難さ,れ、,思いもかけず彼から非難され、気持ちがもやもやしている。
み,うな,痛み,があ,時々なんですが、心臓のあたりがきゅっと締め付けられるような痛みがあるんです。
さ,国の,美しさ,さは,その国の美しさは筆舌に尽くし難い。
さ,夏の,暑さ,を逃,夏の暑さを逃れるために彼らはエディンバラへ行った。
み,女の,悲しみ,みは,彼女の悲しみは顔全体に表れていた。
さ,クの,楽しさ,さを,天気の好さがピクニックの楽しさを引き立てた。
み,女が,痛み,から,あの事故の後、彼女が痛みから完全に解放されることはなかった。
み,,痛み,が少,痛みが少し治まりました。
み,ない,痛み,だっ,我慢できない痛みだったため、彼は薬を飲んだ。
み,,楽しみ,み以,楽しみ以上の有用性て何かあるのか？
さ,猫の,可愛らしさ,らし,猫の可愛らしさに思わず笑ってしまう。
さ,の可,愛らしさ,しさ,猫の可愛らしさに思わず笑ってしまう。
さ,りの,暑さ,に、,あまりの暑さに、猫が床にぐったりと寝そべっている。
さ,時、,寂しさ,さを,私が旅を始めた時、寂しさを感じることはまれだった。
み,しの,楽しみ,みが,都会に住んでいる人たちは、田舎暮らしの楽しみがわからない。
さ,てが,良さ,そう,彼は気立てが良さそうだ。
み,ても,楽しみ,みに,あなたにお目にかかるのをとても楽しみにしています。
み,みを,楽しみ,みに,私は夏休みを楽しみにしている。
み,腹に,痛み,が走,突然脇腹に痛みが走った。
み,強い,痛み,があ,腰に強い痛みがあるんです。
み,番の,楽しみ,みで,ピアノを弾くことが彼女の一番の楽しみです。
み,彼は,悲しみ,みに,彼は悲しみに打ちひしがれた。
み,彼は,親しみ,みや,彼は親しみやすい人だ。
さ,日に,暑さ,が増,日に日に暑さが増してきている。
み,のお,楽しみ,み！,それは映画を見るまでのお楽しみ！
み,ても,楽しみ,みに,来月をとても楽しみにしている。
み,,白み,そよ,白みそより赤みそが好きなの？じゃあ、合わせみそは試したことある？
み,より,赤み,そが,白みそより赤みそが好きなの？じゃあ、合わせみそは試したことある？
さ,見の,美しさ,さは,外見の美しさはうわべだけのものだ。
み,側に,痛み,が走,深く息を吸うと、背中の右側に痛みが走るんです。
さ,夜の,寒さ,が原,彼は昨夜の寒さが原因で死亡した。
さ,みの,寒さ,とな,明日も冬型の気圧配置が続き、真冬並みの寒さとなるでしょう。
み,のを,楽しみ,みに,お会いできるのを楽しみにしています。
さ,頭が,良さ,そう,彼らは、頭が良さそう。
さ,ムは,寒さ,で震,トムは寒さで震えていた。
さ,間の,弱さ,であ,驕傲は人間の弱さである。
み,のは,楽しみ,みに,トムさんは週末にメアリさんに会いに行くのは楽しみにしています。
み,のを,楽しみ,みに,トムは今週末メアリーに会うのを楽しみにしている。
さ,着の,きつさ,さに,トムさんはメアリさんの新しい水着のきつさに驚きました。
さ,うな,長さ,なの,気が遠くなるような長さなのか、 または明日かあさってまでなのか、 一生がどれだけの長さかなんて知るわけもない。
さ,うな,暑さ,だ。,うだるような暑さだ。
み,雪を,楽しみ,みに,雪だるまが作りたくて、子供たちは初雪を楽しみにしていた。
み,物が,痛み,を感,植物が痛みを感じるなんてあり得ないと思う。
み,とを,楽しみ,みに,あなたとご家族にお会いできることを楽しみにしています。
さ,Bと,大きさ,さが,AはBと大きさが等しい。
み,絆は,悲しみ,みと,愛の絆は悲しみと結び合う。
さ,,美しさ,さが,美しさが全てではない。
さ,薇の,美しさ,さが,その合間から薔薇の美しさが見えるなら、棘はさほどの痛みを与えはしない。
み,どの,痛み,を与,その合間から薔薇の美しさが見えるなら、棘はさほどの痛みを与えはしない。
さ,さは,美しさ,さよ,醜さは美しさよりも有利である。持続するからだ。
さ,,醜さ,は美,醜さは美しさよりも有利である。持続するからだ。
さ,を勉,強さ,れた,どこでイタリア語を勉強されたのですか？
み,鬼の,苦しみ,み。,我こそは汝が父の亡靈なれ。只眞夜中の若千時のみ、閻浮にさまよふ許あれども、娑婆にて犯しゝ罪業の燒き淨めらるゝそれまでは、焦熱地獄の餓鬼の苦しみ。
さ,筆の,長さ,は？,この鉛筆の長さは？
さ,。非,難さ,れる,俺じゃなくて君だよ。非難されるべきは。
み,のを,楽しみ,みに,私たちは皆、あなた達家族に会えるのを楽しみにしています。
み,のを,楽しみ,みに,あなた達家族に会えるのを楽しみにしています。
み,のを,楽しみ,みに,私達はあなた達家族に会えるのを楽しみにしています。
さ,字の,汚さ,で書,字の汚さで書類落ちする気まんちんなんだが。てか俺なら落とすわ。元から汚いのが何年も日本語書いたことないのだから。
み,のを,楽しみ,みに,彼は時々海に行くのを楽しみにしている。
み,のを,楽しみ,みに,トムはメアリーと映画に行くのを楽しみにしていた。
さ,烈な,暑さ,のた,猛烈な暑さのため、私たちは外で遊ぶことができなかった。
さ,惨な,痛さ,だっ,悲惨な痛さだった。
み,ても,痛み,止め,頭痛の時にはどうしても痛み止めを飲んでしまう。
さ,分な,広さ,がな,ここはトムとメアリーの二人がいられる十分な広さがない。
さ,ルの,高さ,があ,その塔は３２１メートルの高さがある。
さ,倍の,高さ,の山,西洋将棋盤の最初の升目に一粒、二升目に二粒、三升目に四粒の小麦を置き、この通りに最後の升目まで続けてゆけば、全部で１８４４京６７４４兆７３７億９５５万１６１５粒となる。これは大雪山の百倍の高さの山を作るのに充分な量である。
さ,上の,長さ,があ,万里の長城は五千五百マイル以上の長さがあります。
み,をお,楽しみ,みく,休日をお楽しみください。
さ,うな,涼しさ,さで,七月、もうすっかり夏であるべきはずだのに、この三日ばかり、日の目も見せず、時々降る雨に、肌寒いような涼しさである。
さ,けの,強さ,がな,私にはやり続けるだけの強さがない。
み,のが,楽しみ,みだ,君の卒業式での姿を見るのが楽しみだ。
み,身に,痛み,があ,全身に痛みがある。
さ,で非,難さ,れた,彼は恐竜の骨を盗んだことで非難された。
さ,間の,長さ,を過,その股間の長さを過小評価した。
み,皮の,赤み,は又,私の毛皮の赤みは又更に濃くなった。
さ,同じ,重さ,と言,そのボールは両方とも同じ重さと言えるだろう。
み,みを,楽しみ,みに,夏休みを楽しみにしてるよ。
み,,楽しみ,みに,楽しみにしています。
さ,れの,美しさ,さ。,四季それぞれの美しさ。
さ,,賢さ,は経,賢さは経験の子どもである。
さ,慈悲,深さ,とい,「なぜ物乞いなんかしてるんだね、ディオゲネスよ」－「慈悲深さというのを教えてやってるんだ」
み,後、,痛み,があ,排尿の後、痛みがあります。
さ,ルの,長さ,があ,この川は200キロメートルの長さがあります。
さ,塔の,高さ,は3,あの塔の高さは330メートルでまず間違いないと思う。
さ,この,暑さ,の中,この暑さの中歩いて職場に行くのは良くない。
み,びも,悲しみ,みも,喜びも悲しみもいつまでも続くことはない。
さ,池は,深さ,3m,その池は深さ3mです。
さ,的な,軽さ,を実,超軽量新素材の採用により、従来の約半分（当社比）という圧倒的な軽さを実現！
み,まで,痛み,つけ,この神社の巫女は男どもにひどい目に合わされて精神が崩壊してしまうほどに心も身体も限界まで痛みつけられていた。
さ,腸の,長さ,は1,大腸の長さは1.5メートルぐらいです。
さ,は非,難さ,れて,トムは非難されてしかるべきだ。
さ,養の,深さ,がに,彼の文章は、言葉の端々から教養の深さがにじみ出ている。
み,撃と,悲しみ,みの,衝撃と悲しみのあまり気が狂ってしまった。
み,手紙,楽しみ,みに,お手紙楽しみに待っています。
み,のを,楽しみ,みに,近々お会いできるのを楽しみにしております。
さ,橋の,長さ,は約,デンマークとスウェーデンを結ぶ橋の長さは約５マイルです。
み,分の,痛み,を無,私は自分の痛みを無視するなと学びました。
さ,あの,美しさ,さが,桜の樹の下には屍体が埋まっている！ これは信じていいことなんだよ。何故って、桜の花があんなにも見事に咲くなんて信じられないことじゃないか。俺はあの美しさが信じられないので、この二三日不安だった。しかしいま、やっとわかるときが来た。桜の樹の下には屍体が埋まっている。これは信じていいことだ。
み,恋の,悲しみ,みを,トムはピアノを弾いて失恋の悲しみを紛らわそうとした。
み,恋の,悲しみ,みを,トムはピアノを弾いて失恋の悲しみを紛らそうとした。
み,のを,楽しみ,みに,久しぶりにみんなに会えるのを楽しみにしています。
さ,に告,白さ,れて,昨日トムに告白されて、付き合うことになりました。
さ,,若さ,」の,「若さ」の前に不可能も無ければ、陰翳も無い、それは一切を突破する力であり、一切を明るくする太陽である。
み,今の,苦しみ,みは,「しんどいと思うけど、今の苦しみはきっといつか報われるからね」「適当なこと言わないで！ そんなこと自分じゃ全然思ってないくせに」
さ,顔の,広さ,では,顔の広さではトムに敵う者はいない。
み,には,温かみ,みが,トムの声には温かみが全くない。
さ,いの,大きさ,さな,「ママ、褐色矮星ってどれくらいの大きさなの？」「褐色矮星はね、木星とおんなじくらい。でも重さは木星よりずうっと重たいのよ」
さ,でも,重さ,は木,「ママ、褐色矮星ってどれくらいの大きさなの？」「褐色矮星はね、木星とおんなじくらい。でも重さは木星よりずうっと重たいのよ」
み,ムは,親しみ,みや,トムは親しみやすい人だ。
み,胸は,悲しみ,みで,トムの胸は悲しみでいっぱいだった。
さ,りの,長さ,は何,池の周りに，7mおきに木が6本植えてあります。池の周りの長さは何mでしょうか。
さ,Dの,大きさ,さを,右の図のように，長方形ABCDの辺CD上に点Pがある。AB + PD = AP，∠CBD = 27° のとき，∠PADの大きさを求めよ。
さ,際は,優しさ,さだ,かつて私のラテン語教師は、メガネの縁からいかめしく私を見下していた。でも今は、それはただ、彼女が読書用のメガネをかけていたので、それをしょっちゅう外す事をやっかいに思ったのだと分かる。つまり、私たち生徒に向けてまるで蔑んでいるように見えていたものは、どうやら実際は優しさだったのである。
み,俺が,弱み,を見,俺が弱みを見せられるのはトムだけだよ。
さ,この,暑さ,では,この暑さでは何をする気にもなれません。
さ,冬は,寒さ,が厳,今年の冬は寒さが厳しいですね。
み,浴を,楽しみ,みな,混浴を楽しみながら会話に花をさかせました。
さ,さと,侘しさ,さと,かれは今の境遇を考えて、理想が現実に触れて次第に崩れて行く一種のさびしさと侘しさとを痛切に感じた。
み,悪く,なるみ,みた,天気悪くなるみたいだから傘忘れないようにね。
み,る「,楽しみ,みの,ここ浄閑寺、通称「投げ込み寺」の墓地には、最後の休息場所を見つけた何千もの遊女、いわゆる「楽しみのための女性」の慰霊碑があり、それは言い知れない哀愁に満ちていて、どういうわけか何度でもここに戻ってきたい気持ちが沸き起こる。
み,のを,楽しみ,みに,またお目にかかれるのを楽しみにしております。
さ,をし,でかさ,さな,なにか馬鹿なことをしでかさないうちに彼を探し出しておかなくてはいけない。
さ,腕の,長さ,は1,自由の女神の右腕の長さは12.8mである。
さ,分の,美しさ,さを,メアリーは自分の美しさを自覚していなかった。
み,のが,楽しみ,み！,「着く頃に空港まで迎えに行くからね」「ありがとう。会えるのが楽しみ！」
み,どく,痛み,ます,ひどく痛みますか？
み,こか,痛み,ます,どこか痛みますか？
さ,裸の,白さ,が一,一糸もまとわぬ素裸の娘が、いきなり小沢の眼の前に飛び出して来たのである。 雨に濡れているので、裸の白さが一層なまなましい。 小沢ははっと眼をそらした。同時に、娘も急に身をすくめて、しゃがもうとした。 が、再び視線があった時、もう娘は、 「助けて下さい！」 　とすがりついて来た。 昭和二十一年五月一日の、夜更けの出来事である。
み,らと,明るみ,み始,東の空はうっすらと明るみ始めている。
さ,分の,弱さ,を認,自分の弱さを認めることほど難しいことはないと思う。
さ,人の,強さ,では,世界が抱える最も重大な問題は悪人の強さではなく善人の弱さである。
さ,人の,弱さ,であ,世界が抱える最も重大な問題は悪人の強さではなく善人の弱さである。
さ,確な,長さ,は知,この橋の正確な長さは知りません。
さ,く改,良さ,れた,自動ドアは今までよりもよりスマートな方法で制御されるかもしれない。新しく改良されたコントロールシステムでは、ドアは人がドアに向かって真っ直ぐ進んで来た時にのみ開きます。もし、人がドアの前でただ立っているだけであったり、ドアに沿って歩いているだけの場合はドアは閉まり続けています。
さ,画の,馬鹿馬鹿しさ,馬鹿,あの映画の馬鹿馬鹿しさは半端ない。
さ,この,暑さ,では,今日のこの暑さでは勉強する気にならない。
み,明日,楽しみ,みだ,明日楽しみだな。
み,日が,楽しみ,みす,「眠そうじゃん、メアリー」「うん、今日が楽しみすぎてあんまり眠れなかったの。でも大丈夫」
み,らが,楽しみ,みな,まだ23歳、これからが楽しみな女優さんです。
み,ん、,楽しみ,みに,「また来るね」「うん、楽しみにしてる」
み,。お,楽しみ,みに,詳細は公式サイトにて随時発表いたします。お楽しみに！
さ,は気,高さ,を ,私も本でよく読んだよ。 頭上の光輪は気高さを 示していて、 白い翼は清廉潔白な性質を顕しているんだって
さ,輪は,気高さ,さを,私も本でよく読んだよ。 頭上の光輪は気高さを 示していて、 白い翼は清廉潔白な性質を顕しているんだって
さ,けの,優しさ,さな,言葉だけの優しさなんて要らない。
さ,じる,寒さ,は苦,体に感じる寒さは苦手だけど、肌に感じる冷たさは嫌いじゃない。
さ,じる,冷たさ,さは,体に感じる寒さは苦手だけど、肌に感じる冷たさは嫌いじゃない。
み,しく,痛み,ます,ここが激しく痛みます。
さ,この,悔しさ,さを,今日の試合は残念な結果に終わってしまいましたが、この悔しさをバネに、次に向けて頑張りたいと思います。
さ,倍の,大きさ,さの,かなり深い雪に大きな動物がまっていれば、クズリはそのサイズの5倍の大きさの獲物を殺すことができる。
さ,で勉,強さ,れた,フランス語はどこで勉強されたんですか？
み,つも,楽しみ,みに,なんでブログやめちゃったの？ いつも楽しみに読んでたのに。
み,相当,痛み,ます,相当痛みますか？
さ,はの,良さ,もた,田舎は何かと不便ですが、田舎ならではの良さもたくさんあります。
み,ムは,痛み,のあ,トムは痛みのあまり呻いた。
さ,屋の,広さ,で十,この部屋の広さで十分だ。
さ,トの,広さ,だ。,この部屋は20×24フィートの広さだ。
み,のを,楽しみ,みに,日本でまたお会いできるのを楽しみにしています。
さ,金も,若さ,もあ,やつには金も若さもあり、おまけに二枚目だ。
さ,分な,大きさ,さだ,私の車は５人には十分な大きさだ。
さ,,白さ,れた,告白されたことある？
み,ムは,痛み,のあ,トムは痛みのあまり悲鳴を上げた。
み,,痛み,を和,痛みを和らげるには何が効きますか？
み,薬で,痛み,は和,実際に、この薬で痛みは和らぐのだろうか？
み,ら、,痛み,がた,その薬を飲んだら、痛みがたちどころに和らいだ。
み,ムを,楽しみ,みま,あなたはそのゲームを楽しみましたか。誰が勝ちましたか。
さ,系の,大きさ,さは,銀河系の大きさは、横断するのに少なくとも千光年か百万光年かかるだろう。
さ,ラの,大きさ,さで,星雲は宇宙全体に散らされ、それらは全くバラバラの大きさです。
さ,ーの,高さ,は何,「東京スカイツリーの高さは何メートルでしょう」「634メートル」「正解！」
さ,法の,厳しさ,さに,日本の出入国管理及び難民認定法の厳しさには定評があります。
さ,前に,良さ,そう,クッキーは猫の名前に良さそうだ。
さ,ら勉,強さ,れて,フランス語はいつから勉強されてるんですか？
み,牲を,楽しみ,みと,犠牲を楽しみと見なせることは、他人を思いやり思いやることのできる人で、永遠に楽しく、有意義に生きられる。
み,れで,痛み,は和,これで痛みは和らぐはずだ。
さ,使い,古さ,れた,進化論は研究で証明されているというのに、いまだに科学というより神話に基づいたような使い古された説明にしがみついている人たちがいる。
さ,ムは,暑さ,のせ,トムは暑さのせいで気を失った。
み,遠、,苦しみ,みと,時間が現実のものでなければ、この世界と永遠、苦しみと喜び、善と悪を分かつ境界線も幻想に過ぎない。
さ,然の,美しさ,さに,多くの詩人が自然の美しさについて感じた気持ちを表現している。
さ,夏の,暑さ,に慣,もう夏の暑さに慣れている。
み,じを,楽しみ,みま,散歩しながら、トムは鮮やかなもみじを楽しみました。
み,その,重み,に耐,力、英知、忍耐と革新。あなたはこれら全てを持っているのだろうか？その王冠を手にしようとする汝はその重みに耐えることとなる。
さ,この,寒さ,に、,この寒さに、どう対応すればいいですか？
さ,を避,難さ,せる,広間の人を避難させる必要があります！
み,とを,楽しみ,みに,君のダンスを見られることを楽しみにしているよ。
さ,空の,美しさ,さに,星空の美しさに感嘆を禁じえない。
さ,子が,良さ,そう,今日のトムは調子が良さそうだ。
さ,にか,なるさ,さ。,心配するな, どうにかなるさ。
み,礼を,はずみ,みま,こっそり教えてくれたら、礼をはずみますよ。
さ,,大きさ,さが,大きさが大事なのだ。
さ,ッコ,良さ,があ,彼なりのカッコ良さがある。
み,恋の,痛み,には,もうこの失恋の痛みには耐えられない。
さ,,寒さ,で体,寒さで体がガクガクふるえる。
み,のを,楽しみ,みに,あなたが来るのを楽しみにしています。
さ,氷の,厚さ,は、,氷の厚さは、歩くのに十分な厚さです。
さ,ルの,重さ,は、,最近のランドセルの重さは、平均1.1kg。砂糖一袋分の重さ程度しかありません。
さ,色の,美しさ,さに,私たちはその景色の美しさに見とれた。
さ,,高さ,はど,高さはどれくらい？
み,その,痛み,は、,その痛みは、トムが耐えきれないほどだった。
み,のを,楽しみ,みに,彼女たちは、学位授与式で「袴」や「振袖」を着るのを楽しみにしていた。
さ,分な,大きさ,さで,トムとメアリーは傘を一緒に差しました。だけど、傘は充分な大きさではなくて二人とも濡れてしまいました。
み,ると,痛み,ます,息をすると痛みますか？
み,,痛み,はど,痛みはどれくらい続いていますか？
さ,いの,長さ,なの,レインボーブリッジって、どれぐらいの長さなの？
さ,嫌が,良さ,そう,みんなともて機嫌が良さそうだったね。
さ,嫌が,良さ,そう,トムはとても機嫌が良さそうだった。
さ,運の,良さ,に感,メアリーは自分の運の良さに感謝した。
さ,運の,良さ,をあ,メアリーは自分の運の良さをありがたく思った。
み,はお,楽しみ,みい,公演はお楽しみいただけましたか？
み,には,凹み,があ,なぜゴルフボールには凹みがあるの？
み,胸の,痛み,はあ,胸の痛みはありますか？
み,目に,痛み,があ,目に痛みがあるんですか？
み,胸の,痛み,があ,今も胸の痛みがありますか？
み,まだ,痛み,がひ,まだ痛みがひどいですか？
さ,良く,なるさ,さ。,温かいお茶を飲むと、気分も良くなるさ。
み,もう,痛み,はな,もう痛みはないですか？
さ,時、,もどかしさ,かし,自分の気持ちをちゃんと伝えられない時、もどかしさを感じる。
さ,,安さ,に惹,安さに惹かれて、このスマホにしました。
さ,りは,安さ,です,カップラーメンの売りは安さです。
さ,は手,軽さ,です,カップラーメンの売りは手軽さです。
さ,りは,手軽さ,さで,カップラーメンの売りは手軽さです。
さ,間の,短さ,です,カップラーメンの売りは調理時間の短さです。
さ,の手,軽さ,です,カップラーメンの売りは調理の手軽さです。
さ,理の,手軽さ,さで,カップラーメンの売りは調理の手軽さです。
さ,舎の,新しさ,さに,校舎の新しさに惹かれて、この学校にしました。
さ,業の,面白さ,さに,授業の面白さに惹かれて、この学校にしました。
さ,の面,白さ,に惹,授業の面白さに惹かれて、この学校にしました。
さ,料の,安さ,に惹,授業料の安さに惹かれて、この学校にしました。
さ,ーの,悪さ,に、,トムはメアリーのマナーの悪さに、もうこれ以上我慢できないでいた。
さ,とに,寒さ,が増,日ごとに寒さが増しております。
み,胸に,痛み,があ,トムは胸に痛みがあったので、病院に行った。
み,密を,明るみ,みに,新聞は大統領の秘密を明るみにした。
み,,繁み,から,繁みから兎がピョンって飛び出したんだ。
み,膚が,弛み,はじ,加齢によって体の皮膚が弛みはじめます。
さ,子が,良さ,そう,今日のトムは調子が良さそうだった。
さ,この,暑さ,はい,この暑さはいつまで続くんでしょうね。
み,のを,楽しみ,みに,トムと一緒に時間を過ごすのを楽しみにしています。
み,ても,楽しみ,みな,トムがね、週末に訪ねてくるの。とても楽しみなんだ。
さ,けの,厚さ,が氷,私たちの体重を支えるだけの厚さが氷にはないんです。
み,時、,痛み,ます,こうした時、痛みますか？
さ,園の,大きさ,さは,この公園の大きさはどれくらいあるの？
さ,池の,深さ,は３,池の深さは３メートルあります。
さ,,汚さ,ない,汚さないでいてくれるなら、私の本、どれでも貸してあげるよ。
み,を、,楽しみ,みに,近いうちにお会いできることを、楽しみにしております。
さ,倍の,長さ,があ,この橋は、あの橋の３倍の長さがあるんです。
さ,この,痛さ,、こ,この痛さ、これ以上我慢できないよ。
さ,彼は,暑さ,に耐,彼は暑さに耐えられなかった。
さ,同じ,大きさ,さだ,これはあれと大体同じ大きさだよ。
さ,この,暑さ,じゃ,この暑さじゃ、上着なんて着てられないよ。
さ,いう,若さ,でこ,トムは享年３０という若さでこの世を去った。
さ,いの,重さ,かな,あれって、これと同じくらいの重さかな？
み,心が,荒み,そう,あの人と話してたら、心が荒みそうで嫌なんだけど。
み,かな,楽しみ,みな,こっそりチョコを食べるのが、僕の密かな楽しみなんだ。
み,,楽しみ,みに,楽しみにしてます。
さ,称の,多さ,に日,日本語の一人称の多さに日本人自身も選択を戸惑います。
さ,ンは,酸っぱさ,ぱさ,梅干しとレモンは酸っぱさの次元が違います。
さ,道の,長さ,は４,ヤニーさんの私道の長さは４０メートルくらいです。
み,も軽,はずみ,みな,公衆の面前でメアリーにキスするなんて、トムも軽はずみなことしたもんだ。
み,ぷり,楽しみ,みま,スケートはたっぷり楽しみました。
さ,ら敬,遠さ,れま,ブラック企業は労働者から敬遠されます。
さ,湖の,深さ,はど,琵琶湖の深さはどれくらいあるの？
さ,いの,広さ,を誇,ロシア語圏は英語圏と比べると、どれくらいの広さを誇っていますか？
さ,屋の,広さ,はど,部屋の広さはどれくらいですか？
み,とで,面白み,みが,色々工夫することで面白みが深まる。
み,で面,白み,が深,色々工夫することで面白みが深まる。
み,心が,痛み,ます,この写真を見る度に、心が痛みます。
さ,うな,大きさ,さだ,金星は地球と同じような大きさだけど、地球の方がほんの少し大きいよ。
さ,脳の,重さ,は約,人の脳の重さは約1.4キロです。
さ,その,重さ,って,人間の脳みその重さって、３ポンドくらいなのよ。
み,んで,楽しみ,みま,食べて飲んで楽しみましょう。
み,ーは,悲しみ,みに,メアリーは悲しみに打ちひしがれるとトムは思っている。
さ,園の,広さ,はど,この公園の広さはどれぐらいですか？
み,ると,痛み,ます,咳をすると痛みますか？
み,時に,痛み,があ,排尿時に痛みがありますか？
み,ると,痛み,があ,おしっこをすると痛みがありますか？
み,,痛み,はい,痛みはいつからですか？
み,喉の,痛み,と頭,喉の痛みと頭痛はありますか？
み,胸の,痛み,はあ,最近、胸の痛みはありましたか？
み,体に,痛み,を感,最近、体に痛みを感じたことはありますか？
み,胸の,痛み,を感,胸の痛みを感じたことはありますか？
さ,ルの,高さ,にま,チークは、４０メートルの高さにまで成長することがある落葉樹です。
み,みが,楽しみ,みだ,夏休みが楽しみだな。
さ,指が,寒さ,でか,指が寒さでかじかんじゃったよ。
み,をお,楽しみ,みく,みなさん、お食事をお楽しみください！
み,ても,楽しみ,みに,トムは断食明けの祭りをとても楽しみにしています。
さ,よい,辛さ,が、,この程よい辛さが、食欲を掻き立てる。
み,ね。,楽しみ,みに,お時間のある時はまた遊びに来てくださいね。楽しみにしてます。
み,生に,なるみ,みた,うちの息子、先生になるみたい。
さ,たい,暑さ,だな,今日は耐えがたい暑さだな。
み,とを,楽しみ,みに,近いうちにまたお会いできることを楽しみにしております。
み,男は,痛み,にう,男は痛みにうめき声をあげた。
み,とを,楽しみ,みに,またお会いできることを楽しみにしております。
み,薬は,痛み,を和,この薬は痛みを和らげてくれるよ。
み,薬は,痛み,を緩,この薬は痛みを緩和します。
み,薬で,痛み,は緩,この薬で痛みは緩和するでしょう。
み,ムは,痛み,のあ,トムは痛みのあまりその場にうずくまった。
み,のを,楽しみ,みに,お会いできるのを楽しみにしております。
さ,ルの,高さ,から,今日、プールでね、初めてトムが１０メートルの高さから飛び込みしたんだ。
み,,痛み,が増,痛みが増しています。
さ,いた,わりなさ,なさ,自分をもっといたわりなさい。
み,足が,痛み,ます,左足が痛みます。
さ,この,寒さ,もす,この寒さもすぐに慣れるって。
さ,急に,暑さ,を感,暑い中、ランニングをしてたら、急に暑さを感じなくなってきたんだけど、気温は変わってなかったんだ。後でコーチに指摘されて分かったんだけどね、実はそれは熱中症の初期症状だったんだよ。
さ,嫌が,良さ,そう,だから機嫌が良さそうなんだね。
さ,暑さ,寒さ,も彼,「暑さ寒さも彼岸まで」って言うけど、ホント過ごしやすい季節になってきたね。
さ,,暑さ,寒さ,「暑さ寒さも彼岸まで」って言うけど、ホント過ごしやすい季節になってきたね。
み,クを,楽しみ,みし,僕らは君のフィードバックを楽しみしています。
み,とを,楽しみ,みに,すぐに返事がもらえることを楽しみにしていますね。
さ,膝の,高さ,まで,水は私の膝の高さまで来た。
み,生の,楽しみ,み方,トムは人生の楽しみ方を知らないんだよ。
み,人は,悲しみ,みの,人は悲しみの中では生きられないものなのよ。
み,とお,楽しみ,みが,住んでる街には、いろいろとお楽しみがあるって知ってはいるよ。でも、よそ者だから、そういう事全然耳にしないんだな。
み,気の,緩み,が重,ちょっとした気の緩みが重大な事故につながります。
さ,とか,なるさ,さ。,なんとかなるさ。
さ,の訳,はずさ,さん,この訳はずさんだな。
み,産を,楽しみ,みに,毎年彼のお土産を楽しみにしている。
さ,目の,寒さ,を観,今シーズン二番目の寒さを観測した。
み,のお,楽しみ,み！,「冷蔵庫の中、見た？」「見てない。何か買ってきてくれたの？」「見てのお楽しみ！」
さ,ｍの,深さ,の水,小さな子どもは、たった５ｃｍの深さの水で溺れ窒息してしまう可能性があります。
み,当に,楽しみ,みで,本当に楽しみです。
さ,その,しつこさ,こさ,そのしつこさ、感心しちゃう。
さ,,優しさ,さが,優しさがたまに人を傷つけるって、ほんと？
さ,分な,広さ,だね,ここは二人には十分な広さだね。
み,すと,甘み,が増,リンゴは冷やすと甘みが増します。
さ,前の,静けさ,さか,これは、嵐の前の静けさかもしれない。
さ,,静けさ,さを,静けさを破るかのように、電話のベルが鳴った。
さ,いい,大きさ,さよ,丁度いい大きさよ。
さ,,寒さ,は募,寒さは募る一方です。
さ,けが,優しさ,さじ,甘やかすだけが優しさじゃないんだぞ。
さ,前の,厚かましさ,まし,お前の厚かましさには呆れるよ。
み,,痛み,がと,痛みがとれました。
み,う。,楽しみ,みだ,「明日、見せたいものがあるんだ」「何だろう。楽しみだな」
さ,この,暑さ,には,暑いの苦手なんで、この暑さにはほんと参るわぁ。
さ,に告,白さ,れた,今日、彼女に告白されたんだ。
み,腰の,痛み,がひ,腰の痛みがひどくなってきたんです。
さ,,暑さ,で倒,暑さで倒れるランナーが多かった。
み,この,痛み,はい,この痛みはいつ頃からですか？
み,間を,楽しみ,みた,この瞬間を楽しみたい。
さ,いの,大きさ,さで,大人の猫は、人間の赤ちゃんくらいの大きさです。
み,今は,痛み,が和,今は痛みが和らいできました。
さ,ね？,美味しさ,しさ,「このカレー、美味しいですね？美味しさの秘訣はなんですか？」「隠し味にコーヒーを入れてます。コーヒーを入れるとコクがでて美味しく仕上がるんですよ」
み,存分,楽しみ,みま,思う存分楽しみましょう！
み,！お,楽しみ,みに,来月6月号の付録は、保温保冷ポーチつきトートバッグです！お楽しみに！
さ,頃の,初々しさ,しさ,あの頃の初々しさはどこにいっちまったんだよ。
み,軽い,痛み,があ,ここに軽い痛みがあるんです。
み,んの,面白み,みも,あらすじをなぞってるだけで、なんの面白みもない。
み,の面,白み,もな,あらすじをなぞってるだけで、なんの面白みもない。
さ,いい,大きさ,さの,「これ入れるのに丁度いい大きさの入れ物ない？」「この箱どう？」
さ,私の,弱さ,ゆえ,私の弱さゆえに、あなたを傷つけてしまった。
み,一の,楽しみ,みを,俺の唯一の楽しみを取り上げないでくれ。
み,日を,楽しみ,みに,明日を楽しみに待っていない。
み,,痛み,は感,痛みは感じません。
さ,方が,良さ,そう,このこと、話した方が良さそうね。
さ,,甘さ,がお,甘さがおさえられててちょうどいい。
さ,性の,美しさ,さを,青い青い海は、女性の美しさをもっている。
み,人の,弱み,につ,人の弱みにつけこむな。
み,人の,弱み,につ,そうやってさぁ、すぐに人の弱みにつけこむから、嫌われるのよ。
み,,痛み,はあ,痛みはありません。
さ,える,しょぼさ,ぼさ,想像を超えるしょぼさ。
さ,,情けなさ,なさ,情けなさすぎだろ。
さ,で、,さくさ,さく,新しいパソコンのおかげで、さくさく進んでるよ。
さ,背の,高さ,は１,背の高さは１７０センチほどで、目が大きく、やや太っている。
さ,由が,安さ,なら,買う理由が安さなら買わない。
さ,客の,多さ,が目,初めて来たけど、女性客の多さが目立つな。
さ,まだ,寒さ,が残,まだまだ寒さが残っていた。
さ,,寒さ,で手,寒さで手がかじかんで、うまくつかめない。
さ,か堅,苦しさ,さは,カジュアルな服を着ても、どこか堅苦しさは隠せない。
さ,こか,堅苦しさ,しさ,カジュアルな服を着ても、どこか堅苦しさは隠せない。
さ,屋の,明るさ,さは,真っ昼間だったせいか、点ける前と部屋の明るさは大して変わらなかった。
さ,に気,恥ずかしさ,かし,特に気恥ずかしさもなく、僕らは自然に話した。
さ,特に,気恥ずかしさ,ずか,特に気恥ずかしさもなく、僕らは自然に話した。
さ,も目,新しさ,さが,最後まで観たが何も目新しさがなかった。
さ,何も,目新しさ,しさ,最後まで観たが何も目新しさがなかった。
み,色。,丸み,があ,全身がぎらついていた。水銀のような銀色。丸みがあり、輝いていた。
さ,,恥ずかしさ,かし,気恥ずかしさがあった。
さ,,気恥ずかしさ,ずか,気恥ずかしさがあった。
さ,興味,深さ,は薄,数か月もたつと、興味深さは薄れていった。
み,報を,惜しみ,みな,情報を惜しみなく出してくれるから、だいぶやりやすくなった。
さ,ドは,明るさ,さの,このライトスタンドは明るさの調整はできません。
さ,、ど,さくさ,さま,群衆行動で恐ろしいのは、どさくさまぎれの心理だ。
さ,、古,臭さ,ばか,その当時の流行の最先端のカッコをしている若者だった。今見ると、古臭さばかりが目立つカッコだった。
み,待と,楽しみ,みで,ヘリウムガスでパンパンの風船のように、期待と楽しみで頭の中が膨らんでいる時のことだった。
さ,りの,痛さ,にた,あまりの痛さにたまらず声をあげる。
さ,んで,寂しさ,さを,孤独だから、酒を飲んで寂しさをごまかしてるんだ。
さ,しい,寒さ,の日,立春が過ぎても、厳しい寒さの日々が続く。
み,少し,青み,がか,少し青みがかった画面が気になる。
み,,痛み,は少,痛みは少し治まりました。
み,,痛み,は少,痛みは少し和らぎました。
み,,痛み,はち,痛みはちょっと落ち着いたよ。
み,,楽しみ,みな,楽しみな映画だったのにありがちな展開にがっかり。
さ,入る,大きさ,さな,バッグに入る大きさなので持ち運びは楽ですね。
さ,,暑さ,で頭,暑さで頭が回らない。
さ,,暑さ,で頭,暑さで頭が回らないというのは、単なる言い訳に過ぎません。
み,るの,楽しみ,みし,次の日曜日、会えるの楽しみしてるよ。
み,うの,楽しみ,みだ,来週の日曜、会うの楽しみだな。
み,件が,明るみ,みに,事件が明るみに出た。
さ,規則,正しさ,さで,むしろ、規則正しさで、安らぎを、感じさせてくれた。
さ,いの,大きさ,さの,二人は貧しい百姓でした。持っている土地といえば、わずかに庭ぐらいの大きさのものでした。
さ,は図,太さ,も必,ある程度は図太さも必要。
さ,度は,図太さ,さも,ある程度は図太さも必要。
さ,しの,良さ,は超,あいつの察しの良さは超能力と言っていい。
さ,用の,高さ,がハ,初期費用の高さがハードルになる。
さ,形、,大きさ,さが,形、大きさがふぞろいの、しいたけ大容量パックはよく売り切れる。
み,のを,楽しみ,みに,実用化されるのを楽しみに待ってる。
さ,橋の,長さ,はど,橋の長さはどれくらいなんですか？
み,日が,楽しみ,みだ,休みの日が楽しみだよ。
さ,,暑さ,には,暑さには慣れてるわ。
み,休を,楽しみ,みに,連休を楽しみにしてます。
さ,運の,良さ,や自,彼の運の良さや自身の努力で、コンテストでは一位を獲得した。
み,ちゃ,楽しみ,み。,この映画観るの、めっちゃ楽しみ。
さ,日に,寒さ,が増,日に日に寒さが増した。
み,,痛み,が強,痛みが強かったので、寝れなかった。
さ,人に,優しさ,さを,僕が君に優しくしようと思ったように、誰かに君が優しくされたなら、その人に優しさを返すのは当たり前だけど、それだけじゃなくて、君がその人にされたように、誰かに優しくしてあげなさい。僕はそれだけで十分だ。
み,私は,苦しみ,み続,32年間、私は苦しみ続けてきたんだ。
み,深い,悲しみ,みに,妻に先立たれた夫は、深い悲しみに包まれた。
さ,うな,暑さ,だっ,昨日は、焼け付くような暑さだった。
み,人の,弱み,に付,人の弱みに付け込むことはやめろよな。
み,は、,深み,があ,一生懸命頑張ったことのある人や頑張っている人同士の会話は、深みがあって面白いです。
み,ーを,楽しみ,みま,アフタヌーンティーを楽しみましょう。
み,台を,楽しみ,みま,家政婦は休みにおしゃれなアウターウェアに身を包み一人で屋台を楽しみました。
さ,経の,美しさ,さに,写経の美しさに私は仰天してしまった。
さ,膝の,高さ,に達,水は膝の高さに達していた。
み,は、,痛み,止め,痛い時は、痛み止めを飲んでください。
さ,,静けさ,さの,静けさの中に安らぎがある。
み,食が,楽しみ,みだ,夕食が楽しみだ。
さ,学の,面白さ,さに,言語学の面白さに目覚めてしまった。
さ,の面,白さ,に目,言語学の面白さに目覚めてしまった。
み,,楽しみ,みは,楽しみはあとに取っておこう。
み,実の,重み,で、,実の重みで、木が垂れ下がっていた。
さ,れぬ,美しさ,さで,お姫様は、えも言われぬ美しさでした。
さ,なく,なるさ,さ。,引っ越しせざるを得なくなるさ。
み,腹が,痛み,ます,脇腹が痛みます。
さ,この,寒さ,で、,この寒さで、学校が休みにならないのが不思議だわ。
み,トを,楽しみ,みに,コンサートを楽しみにしてます。
さ,スの,重さ,、ど,このスーツケースの重さ、どれくらいあると思う？
さ,文は,良さ,げだ,見た感じ、この文は良さげだよ。
さ,ナの,重さ,で折,バナナの木は、バナナの重さで折れたりはしない。
さ,雪の,重さ,で枝,雪の重さで枝が折れてしまった。
さ,意地,悪さ,れる,また意地悪されるんだろうな。やだなぁ。
み,ムを,楽しみ,みま,トムは、大学のカリキュラムを楽しみました。
さ,くて,優しさ,さが,メアリーの外見じゃなくて優しさが好きだった。
み,,悲しみ,みあ,悲しみあってこその幸せだ。
み,,悲しみ,みな,悲しみなくして幸せを感じることはない。
み,日が,楽しみ,みで,来月の誕生日が楽しみで仕方がない。
さ,,良さ,そう,良さそうなパソコンをさがしてるんだけど。
み,全く,痛み,を感,不思議なことに、全く痛みを感じなかった。
み,胸の,痛み,があ,胸の痛みがあるんです。
さ,者は,寒さ,で感,泳者は寒さで感覚がまひしていた。
み,式が,楽しみ,みで,卒業式が楽しみです。
